fixed acidity,volatile acidity,citric acid,residual sugar,chlorides,free sulfur dioxide,total sulfur dioxide,density,pH,sulphates,alcohol,quality
13.8,0.59,0.1,2.1,0.079,5.0,15.0,0.99661,3.25,0.56,9.5,6
7.8,0.31,0.38,2.1,0.084,11.0,122.0,0.99748,3.42,0.48,9.6,6
7.6,0.58,0.08,2.7,0.087,3.0,20.0,0.99783,2.92,0.44,11.4,7
10.7,0.885,0.18,1.8,0.102,15.0,60.0,0.9962,3.45,0.76,11.2,5
7.1,0.58,0.24,1.8,0.077,9.0,10.0,0.99566,3.06,0.5,14.0,7
7.9,0.58,0.39,3.2,0.086,21.0,23.0,0.99704,3.34,0.65,11.5,6
8.3,0.51,0.57,1.8,0.085,16.0,51.0,0.9957,3.03,0.93,12.6,6
6.5,0.4,0.13,3.8,0.089,9.0,16.0,0.99674,3.28,0.77,11.2,5
7.1,0.64,0.37,1.8,0.08,33.0,23.0,0.9994,3.18,0.43,12.3,6
10.7,0.7,0.18,2.1,0.077,36.0,87.0,0.99396,3.29,0.51,10.2,5
7.0,0.43,0.09,2.0,0.07,13.0,87.0,0.99314,3.19,0.46,10.0,7
6.2,0.51,0.47,13.4,0.084,6.0,41.0,0.99434,3.07,1.18,9.6,7
10.2,0.38,0.44,1.7,0.077,9.0,25.0,0.99701,3.32,1.36,9.4,6
6.5,0.39,0.36,2.6,0.107,5.0,25.0,0.99612,2.92,0.72,10.3,4
7.9,0.37,0.04,1.8,0.082,11.0,60.0,0.9947,2.94,0.65,9.5,5
11.3,0.66,0.55,1.9,0.091,16.0,89.0,1.001,3.22,0.72,9.4,5
7.8,0.4,0.14,2.6,0.075,12.0,35.0,0.9994,3.25,0.57,10.3,5
8.9,0.39,0.23,2.6,0.213,1.0,20.0,0.9991,3.44,0.82,12.5,6
8.8,0.52,0.01,2.8,0.104,5.0,75.0,0.9988,3.26,0.83,9.4,5
6.4,0.5,0.0,2.8,0.27,18.0,80.0,0.99746,3.04,0.79,10.0,5
7.8,0.605,0.14,3.0,0.422,16.0,46.0,0.99922,3.17,0.75,12.5,6
8.4,0.56,0.66,2.2,0.464,9.0,93.0,0.9956,3.54,0.6,10.5,5
8.6,0.63,0.31,4.25,0.064,10.0,127.0,1.0006,3.15,0.76,11.2,5
7.3,0.62,0.08,1.8,0.058,10.0,37.0,0.9962,3.04,0.49,10.5,5
7.9,0.52,0.13,1.9,0.062,13.0,14.0,0.9966,3.78,0.63,10.8,5
7.7,0.6,0.03,2.5,0.07,10.0,13.0,0.99651,3.39,0.6,9.8,6
6.4,0.835,0.02,2.6,0.09,10.0,69.0,0.9957,3.21,1.36,11.4,6
10.2,0.84,0.34,2.6,0.08,31.0,53.0,0.9966,3.27,0.6,9.3,8
7.0,0.36,0.31,3.8,0.078,20.0,13.0,0.9956,3.23,0.61,11.0,5
9.8,0.6,0.24,2.0,0.07,20.0,10.0,0.9967,3.71,0.54,10.2,5
8.8,0.45,0.54,2.0,0.076,7.0,17.0,0.99614,2.87,0.54,9.0,5
7.9,0.55,0.18,5.6,0.075,21.0,111.0,0.9972,3.41,0.68,11.7,6
7.1,0.33,0.54,2.6,0.214,4.0,18.0,0.9992,3.3,0.56,9.9,5
9.5,0.83,0.18,2.9,0.069,9.0,41.0,0.996,3.44,0.51,12.2,6
7.9,0.52,0.33,1.9,0.082,13.0,8.0,1.0004,3.0,0.82,10.1,6
6.3,0.56,0.49,1.9,0.08,5.0,22.0,0.9962,3.27,0.48,9.7,5
7.1,0.29,0.54,10.7,0.066,16.0,17.0,0.9927,3.17,0.78,9.9,5
9.3,0.61,0.21,2.2,0.083,16.0,44.0,1.0004,3.39,1.06,11.0,5
7.0,0.39,0.76,2.4,0.073,23.0,20.0,0.99702,3.28,0.68,10.2,6
6.7,0.4,0.44,1.4,0.077,14.0,52.0,0.9954,3.44,0.94,10.7,6
11.7,0.23,0.31,1.8,0.079,15.0,144.0,0.998,3.62,0.54,11.4,6
9.0,0.46,0.0,2.6,0.079,35.0,74.0,0.99614,3.25,0.54,10.0,5
10.3,0.53,0.0,6.4,0.079,6.0,36.0,0.99642,3.27,0.64,9.2,5
9.0,0.35,0.48,2.9,0.097,6.0,80.0,0.99672,3.35,0.65,9.5,6
7.4,0.47,0.04,2.3,0.071,27.0,56.0,0.9994,3.3,1.28,9.5,5
9.2,0.52,0.21,7.8,0.059,3.0,17.0,0.9977,3.34,0.49,10.9,7
11.3,0.73,0.45,2.5,0.079,11.0,110.0,0.9962,3.02,0.66,9.5,6
7.7,0.59,0.21,1.8,0.087,8.0,26.0,0.9994,3.28,0.59,10.7,6
5.9,0.75,0.19,2.9,0.083,34.0,21.0,0.9947,3.23,0.81,14.0,6
7.8,0.745,0.0,3.0,0.06,15.0,55.0,0.99603,3.06,0.6,9.5,5
6.2,0.4,0.14,2.7,0.074,11.0,99.0,0.9975,3.3,0.6,9.2,6
9.1,0.46,0.06,2.3,0.072,36.0,91.0,0.9963,3.22,0.48,10.0,7
10.3,0.41,0.41,5.5,0.071,30.0,155.0,0.99346,3.6,0.43,12.2,5
6.8,0.57,0.49,1.6,0.08,11.0,38.0,0.9962,3.33,0.71,12.9,4
9.9,0.27,0.33,2.4,0.072,38.0,32.0,0.99402,3.15,0.61,10.2,7
5.9,0.765,0.08,1.8,0.085,13.0,58.0,0.99676,3.32,0.48,9.4,5
8.9,0.35,0.43,2.1,0.062,6.0,8.0,0.9963,3.26,0.81,11.0,6
6.9,0.44,0.47,1.4,0.2,34.0,34.0,0.99587,3.43,0.57,10.6,6
6.5,0.69,0.24,3.8,0.071,4.0,33.0,0.99354,3.1,0.68,11.1,6
7.8,0.4,0.49,1.6,0.074,15.0,24.0,0.99258,3.4,0.83,9.0,5
9.2,0.5,0.49,2.1,0.095,30.0,24.0,0.99572,3.42,0.48,10.6,6
8.2,0.63,0.66,2.0,0.09,6.0,44.0,0.99668,3.18,0.77,11.7,7
8.1,0.54,0.17,2.9,0.071,13.0,29.0,0.9976,3.39,0.47,9.7,6
6.2,0.4,0.43,1.4,0.068,23.0,45.0,0.99824,3.46,0.48,10.9,5
10.9,0.5,0.52,1.9,0.09,17.0,26.0,0.9994,3.46,1.31,9.7,5
9.1,0.28,0.36,2.0,0.079,15.0,9.0,0.9996,3.18,0.56,11.2,6
8.7,0.67,0.36,6.0,0.084,6.0,24.0,0.9955,3.3,0.5,12.0,6
11.8,0.66,0.31,6.2,0.076,27.0,24.0,0.9998,3.49,0.78,12.6,5
7.0,0.51,0.04,1.6,0.09,32.0,29.0,0.9972,3.14,0.68,10.4,5
7.8,0.52,0.05,1.8,0.06,6.0,89.0,0.9962,3.28,0.75,9.9,5
6.6,0.73,0.06,5.5,0.172,8.0,20.0,0.9972,3.27,0.49,12.6,5
10.7,0.68,0.29,2.0,0.071,8.0,49.0,0.9997,3.36,1.98,10.5,6
8.9,0.715,0.49,2.4,0.084,19.0,24.0,0.9969,3.19,0.53,11.5,6
8.6,0.66,0.02,1.9,0.085,11.0,21.0,0.99551,3.35,0.43,9.4,7
7.5,0.52,0.42,1.7,0.05,25.0,12.0,0.99716,3.2,0.56,9.8,5
7.6,0.715,0.25,2.2,0.068,4.0,30.0,1.0015,3.22,0.54,12.7,7
11.5,0.45,0.0,2.7,0.106,11.0,37.0,0.99294,3.34,0.56,13.6,5
5.6,0.51,0.26,5.1,0.111,5.0,58.0,0.9962,3.28,0.47,11.7,4
10.8,0.54,0.29,2.2,0.071,10.0,20.0,1.0001,3.11,0.59,10.3,7
8.0,0.3,0.37,1.8,0.115,13.0,10.0,0.99736,3.23,0.75,9.6,6
7.8,0.88,0.26,1.9,0.073,17.0,81.0,0.99604,3.12,0.55,11.8,5
7.9,0.48,0.74,2.1,0.19,27.0,113.0,0.99651,3.53,0.66,11.2,6
8.6,0.74,0.57,2.6,0.075,15.0,12.0,0.99631,3.19,0.62,10.8,7
10.0,0.31,0.01,2.4,0.094,39.0,16.0,0.99314,3.3,0.82,9.9,4
7.2,0.49,0.54,2.8,0.083,13.0,19.0,0.99824,3.15,0.87,10.0,5
6.2,0.53,0.5,2.6,0.071,6.0,59.0,0.9979,3.21,0.91,9.2,5
7.9,0.45,0.47,1.7,0.157,13.0,122.0,0.9976,3.51,0.56,9.7,5
6.9,0.38,0.41,1.8,0.081,7.0,47.0,0.9974,3.56,0.7,11.6,6
7.1,0.34,0.19,1.9,0.078,7.0,64.0,0.9964,3.56,0.87,10.2,6
9.7,0.645,0.42,1.9,0.047,6.0,24.0,0.99258,3.27,0.69,9.0,5
6.9,0.61,0.26,1.6,0.043,10.0,64.0,0.9969,3.24,1.17,12.4,5
8.1,0.31,0.24,2.6,0.065,21.0,65.0,0.99538,3.39,0.87,9.5,5
13.5,0.18,0.06,1.7,0.116,16.0,38.0,0.998,3.44,0.61,11.3,7
7.1,0.63,0.66,7.8,0.08,6.0,42.0,0.997,3.26,0.47,10.8,6
8.4,0.61,0.44,2.4,0.2,5.0,33.0,0.99656,3.22,0.57,10.2,5
8.2,0.37,0.32,2.4,0.062,11.0,113.0,0.9943,3.31,0.61,9.4,5
9.6,0.33,0.2,1.5,0.074,5.0,15.0,0.9971,3.34,0.67,10.5,6
5.5,0.885,0.49,2.0,0.083,5.0,21.0,0.9963,3.05,0.49,9.5,5
6.6,0.4,0.71,1.7,0.096,6.0,31.0,0.9982,3.1,0.86,9.4,6
8.3,0.73,0.2,6.6,0.067,5.0,88.0,0.9987,3.33,0.56,10.4,6
7.1,0.44,0.33,1.8,0.112,32.0,26.0,0.99371,3.26,0.55,10.5,6
8.9,0.6,0.17,2.7,0.067,5.0,61.0,0.9949,3.32,0.81,11.7,6
11.7,0.295,0.63,1.6,0.077,33.0,50.0,1.0001,3.02,0.59,10.0,5
10.3,0.5,0.26,3.2,0.083,38.0,86.0,0.9958,3.02,0.54,9.9,6
6.2,0.42,0.5,1.6,0.077,13.0,35.0,0.99494,3.5,0.59,9.5,6
10.6,0.42,0.09,1.7,0.064,17.0,18.0,0.9986,3.3,0.74,10.9,5
7.7,0.31,0.33,1.9,0.054,38.0,13.0,0.99314,3.04,0.73,11.1,5
8.6,0.4,0.0,2.4,0.077,24.0,17.0,0.99328,3.46,0.79,12.5,5
7.4,0.55,0.59,5.8,0.078,3.0,86.0,0.9967,3.48,0.57,11.4,7
7.4,0.63,0.32,1.8,0.059,3.0,14.0,0.99712,3.26,0.57,9.3,6
9.0,0.77,0.08,1.8,0.07,5.0,59.0,0.9959,3.21,0.57,11.2,5
5.9,0.34,0.09,2.2,0.073,13.0,19.0,0.9988,3.39,0.47,9.4,6
8.4,0.55,0.08,2.1,0.075,6.0,31.0,0.9971,3.2,0.65,9.1,6
7.4,0.57,0.03,1.7,0.058,21.0,13.0,1.0002,3.15,0.81,10.6,6
7.6,0.815,0.0,2.7,0.088,14.0,50.0,0.99524,3.41,0.54,9.6,6
6.8,0.49,0.34,1.6,0.11,34.0,33.0,0.99734,3.33,0.79,12.1,5
7.4,0.84,0.54,2.7,0.066,5.0,29.0,1.0004,3.2,1.1,9.4,6
10.9,0.23,0.47,2.2,0.072,19.0,61.0,0.9978,3.26,0.82,10.5,8
9.2,0.725,0.54,1.9,0.081,15.0,91.0,0.9996,3.35,0.58,11.5,6
9.2,0.58,0.12,2.1,0.076,3.0,27.0,0.9984,3.23,0.6,10.1,6
10.7,0.395,0.79,2.5,0.049,27.0,134.0,0.997,3.42,0.55,9.5,5
11.0,0.32,0.2,2.2,0.098,6.0,85.0,0.99456,3.26,0.62,12.8,7
6.4,0.61,0.37,2.6,0.082,13.0,79.0,0.9942,3.39,0.68,9.5,5
7.0,0.37,0.76,6.0,0.061,34.0,24.0,0.99526,3.26,0.55,11.0,6
10.5,1.33,0.01,2.2,0.107,6.0,141.0,0.9968,3.3,0.69,9.7,5
8.2,0.54,0.31,2.0,0.089,51.0,88.0,0.99316,3.26,0.62,9.7,5
8.0,0.74,0.45,3.0,0.044,5.0,14.0,0.99669,3.25,0.67,10.6,4
9.1,0.6,0.0,3.7,0.075,45.0,30.0,0.9962,3.36,0.74,9.4,5
9.3,0.32,0.19,1.7,0.102,7.0,64.0,0.99705,3.16,0.66,10.9,6
6.0,0.58,0.09,2.0,0.066,12.0,68.0,0.99524,3.22,0.44,9.4,5
5.7,0.6,0.01,2.6,0.064,19.0,90.0,0.9946,3.22,0.76,10.9,6
9.9,0.64,0.19,2.2,0.068,14.0,60.0,0.9981,3.41,0.83,11.9,6
11.3,0.69,0.59,4.5,0.075,13.0,26.0,0.9936,3.4,0.58,9.5,6
6.6,0.545,0.22,1.8,0.085,8.0,46.0,0.9955,3.16,0.74,10.4,5
9.3,0.98,0.25,1.8,0.054,7.0,46.0,0.99922,3.07,0.66,9.3,5
6.7,0.27,0.24,2.4,0.112,15.0,24.0,0.99648,3.38,0.56,9.9,6
6.9,0.83,0.01,2.1,0.067,4.0,35.0,0.99516,3.25,1.05,11.3,6
11.8,0.5,0.48,2.2,0.369,19.0,10.0,0.99322,3.37,0.92,10.5,6
7.0,0.5,0.0,1.8,0.067,10.0,20.0,0.99402,3.3,0.67,11.2,6
11.3,0.725,0.08,2.0,0.087,25.0,13.0,0.9967,3.28,0.55,9.3,5
5.3,0.67,0.39,2.5,0.085,4.0,28.0,0.99824,3.43,0.55,10.4,6
5.0,0.58,0.02,2.0,0.048,4.0,38.0,1.0,3.47,0.6,10.0,5
7.4,0.54,0.59,1.8,0.046,16.0,121.0,1.0002,3.28,0.71,11.7,5
8.4,0.685,0.48,2.5,0.076,35.0,68.0,0.99615,4.01,0.6,9.7,5
7.5,0.5,0.46,5.2,0.072,26.0,18.0,0.99704,3.4,0.48,9.5,5
7.1,0.41,0.0,2.8,0.096,6.0,14.0,0.99566,3.44,0.66,9.5,6
8.1,0.31,0.35,2.0,0.071,6.0,89.0,0.9976,3.16,0.7,9.7,5
6.2,0.62,0.49,2.1,0.072,5.0,25.0,0.9965,3.07,0.63,11.8,6
7.6,0.67,0.02,2.5,0.077,7.0,28.0,0.9971,3.5,0.52,9.7,6
8.0,0.52,0.75,2.2,0.062,24.0,102.0,0.995,3.35,0.47,10.1,5
7.3,0.39,0.1,2.8,0.078,3.0,18.0,0.9981,3.36,0.82,11.3,5
7.9,0.54,0.17,5.2,0.078,8.0,39.0,0.9924,3.19,0.75,9.7,5
12.4,0.34,0.24,1.7,0.07,8.0,47.0,0.99534,3.24,0.68,11.9,7
6.9,0.6,0.11,2.1,0.072,34.0,35.0,0.99471,3.2,0.53,10.9,6
8.4,0.49,0.52,2.0,0.116,17.0,34.0,0.9997,3.37,0.59,9.5,5
8.0,0.58,0.06,2.05,0.083,6.0,141.0,0.998,3.23,0.65,9.3,4
6.6,0.27,0.39,2.3,0.075,6.0,47.0,0.9961,3.26,0.77,9.9,5
8.0,0.775,0.19,2.4,0.077,18.0,13.0,0.99675,3.31,1.05,11.1,5
8.2,0.43,0.0,1.8,0.064,12.0,35.0,1.0006,3.47,0.74,10.1,5
6.8,0.73,0.19,3.2,0.082,31.0,18.0,0.99675,3.46,0.81,11.2,5
7.1,0.51,0.66,2.1,0.075,21.0,42.0,0.9978,3.46,0.61,11.6,6
7.4,0.645,0.29,1.9,0.086,13.0,52.0,0.9952,3.25,0.67,9.5,5
12.5,1.185,0.12,5.7,0.07,23.0,58.0,0.99569,3.21,0.78,10.4,6
6.1,0.55,0.55,2.5,0.082,6.0,30.0,0.9971,3.28,0.55,10.8,5
6.3,0.33,0.46,2.0,0.07,4.0,32.0,0.99613,3.2,0.7,9.2,5
7.4,0.37,0.1,2.1,0.087,31.0,23.0,0.9964,3.28,0.65,10.5,6
6.7,0.55,0.37,2.4,0.109,12.0,16.0,0.99647,3.2,0.62,9.5,7
8.2,0.6,0.1,2.5,0.064,5.0,26.0,0.99544,3.38,0.5,10.2,7
7.6,0.41,0.14,2.2,0.119,6.0,79.0,0.99414,3.42,0.59,10.0,7
7.1,0.83,0.01,3.4,0.067,66.0,36.0,0.9955,3.33,0.52,10.7,7
6.5,0.68,0.22,2.4,0.085,12.0,12.0,0.9983,3.17,0.63,10.7,5
9.1,0.7,0.37,2.3,0.09,11.0,75.0,0.998,3.17,0.84,9.5,5
7.2,0.63,0.35,7.5,0.097,6.0,17.0,0.9967,3.13,0.55,10.5,6
13.5,0.5,0.3,4.4,0.075,14.0,28.0,0.9972,3.24,0.79,9.5,5
6.6,0.23,0.0,8.6,0.068,11.0,22.0,0.997,3.5,1.16,9.8,5
8.9,0.5,0.32,3.0,0.157,21.0,13.0,0.9976,3.3,0.86,9.3,7
10.2,0.39,0.37,2.1,0.093,14.0,92.0,0.9952,3.26,0.52,10.3,5
8.9,0.745,0.31,1.7,0.07,15.0,27.0,0.9962,3.32,0.67,10.1,3
8.6,0.33,0.0,2.7,0.096,19.0,24.0,0.99476,3.23,0.51,9.5,7
12.5,0.58,0.14,2.1,0.083,22.0,38.0,0.9963,3.16,0.52,9.5,5
10.3,0.34,0.58,2.3,0.157,6.0,45.0,0.9966,3.25,0.62,9.3,5
8.2,0.33,0.08,1.9,0.093,5.0,38.0,0.99394,3.56,0.52,11.7,5
6.2,0.5,0.39,2.7,0.077,3.0,35.0,0.9971,3.4,0.5,9.3,5
7.4,1.0,0.25,2.3,0.07,19.0,43.0,0.99416,3.36,0.75,12.9,7
11.6,0.64,0.28,7.8,0.075,3.0,133.0,0.9967,3.21,0.5,12.1,6
6.4,0.46,0.24,2.5,0.059,12.0,24.0,0.9961,3.3,0.82,12.5,6
8.8,0.58,0.37,2.1,0.123,6.0,43.0,0.9982,3.19,0.65,11.6,7
9.2,0.51,0.39,1.8,0.083,12.0,64.0,0.99658,3.34,0.43,10.7,5
10.2,0.49,0.4,2.3,0.12,37.0,29.0,0.99675,3.36,0.62,12.2,4
8.0,0.28,0.31,2.9,0.052,12.0,110.0,0.99842,3.34,0.61,9.9,6
8.8,0.42,0.64,2.3,0.077,5.0,98.0,0.99754,3.15,0.83,10.1,7
12.5,0.49,0.38,1.8,0.098,9.0,99.0,1.0001,3.3,0.8,11.4,5
7.5,0.36,0.09,2.2,0.068,14.0,54.0,0.99459,3.39,0.88,11.2,6
10.5,1.33,0.37,2.0,0.078,3.0,86.0,0.99733,3.4,0.77,9.5,5
9.8,0.61,0.07,2.0,0.088,6.0,17.0,1.0002,3.15,0.83,11.2,7
6.2,0.95,0.34,2.0,0.084,12.0,67.0,0.99938,3.34,0.56,11.5,5
7.2,0.46,0.0,2.3,0.105,12.0,29.0,0.9978,3.2,0.63,9.4,6
7.7,0.64,0.49,5.0,0.069,9.0,68.0,0.9968,3.25,0.56,10.8,8
6.9,0.4,0.51,2.1,0.069,41.0,83.0,0.9984,3.26,0.73,11.8,6
7.5,0.79,0.63,1.8,0.104,16.0,30.0,0.99592,3.2,0.59,9.5,6
9.1,0.57,0.03,1.9,0.066,15.0,108.0,0.9984,3.28,0.68,12.0,3
6.9,0.44,0.16,1.8,0.06,52.0,39.0,0.9967,3.31,0.58,11.0,5
10.4,0.7,0.13,2.2,0.124,18.0,55.0,0.99314,3.15,0.68,11.4,5
8.1,0.675,0.25,3.0,0.092,9.0,49.0,0.9982,3.13,0.7,10.5,6
7.5,0.28,0.09,1.9,0.08,15.0,18.0,0.99745,3.53,0.59,11.7,5
8.3,0.6,0.01,2.1,0.077,10.0,46.0,0.9934,3.14,0.66,11.8,5
8.1,0.48,0.11,5.0,0.075,31.0,11.0,0.99668,3.38,1.01,10.9,5
7.4,0.46,0.1,2.2,0.053,10.0,89.0,0.99685,3.42,0.82,9.2,5
12.6,0.49,0.24,3.0,0.071,24.0,151.0,0.99182,3.22,0.55,9.4,5
7.0,0.43,0.49,2.3,0.078,7.0,8.0,0.99354,3.5,0.66,12.1,5
5.9,0.6,0.31,2.5,0.112,41.0,58.0,0.998,2.98,0.7,12.9,5
7.6,0.715,0.5,2.8,0.068,30.0,19.0,0.99746,3.47,0.72,9.4,5
6.5,0.56,0.4,1.6,0.092,30.0,51.0,0.998,3.36,0.65,11.2,6
7.1,0.29,0.63,1.4,0.087,9.0,15.0,0.99615,3.31,0.7,12.5,5
7.4,0.58,0.13,4.6,0.088,5.0,9.0,0.9979,3.13,0.87,10.9,6
7.0,0.57,0.21,4.3,0.069,26.0,59.0,0.9987,2.89,0.64,9.3,5
6.8,0.31,0.18,2.0,0.069,7.0,104.0,0.9948,3.42,0.76,9.6,6
7.0,0.3,0.19,5.5,0.079,13.0,14.0,0.9976,3.34,0.5,9.4,5
8.9,0.775,0.26,2.2,0.103,13.0,28.0,1.001,3.2,0.71,10.3,5
6.9,0.59,0.49,2.3,0.096,5.0,54.0,0.9959,3.1,0.56,10.2,5
10.5,0.42,0.45,1.9,0.078,21.0,147.0,0.9996,3.08,1.06,11.8,6
7.3,0.69,0.24,2.0,0.084,6.0,44.0,0.9956,3.51,0.59,10.7,6
7.0,0.78,0.08,2.7,0.122,5.0,60.0,0.99786,3.32,0.52,10.7,6
7.6,0.45,0.44,1.4,0.095,11.0,38.0,0.99782,3.36,0.67,9.4,5
7.3,0.35,0.56,2.0,0.079,22.0,10.0,0.9976,3.09,1.05,11.0666666666667,5
12.3,0.53,0.0,3.9,0.112,27.0,101.0,0.99525,3.4,0.69,9.2,5
6.9,0.52,0.45,2.1,0.073,5.0,67.0,0.99645,3.23,0.67,9.8,6
7.4,0.66,0.0,1.8,0.06,11.0,44.0,0.9998,3.57,0.67,9.8,5
11.1,0.28,0.46,1.4,0.079,3.0,94.0,0.99531,3.35,0.78,9.3,5
6.7,0.52,0.0,2.2,0.063,6.0,25.0,1.0021,3.21,0.64,10.7,6
10.8,0.49,0.0,1.7,0.1,3.0,42.0,0.99746,3.27,0.63,10.9,6
5.5,0.5,0.13,2.3,0.082,72.0,22.0,0.998,3.34,0.82,9.8,6
7.4,0.69,0.35,1.8,0.088,24.0,44.0,0.99638,3.42,0.63,10.7,6
7.4,0.5,0.02,5.5,0.074,3.0,29.0,0.99587,3.36,0.37,10.4,5
7.2,0.3,0.49,2.6,0.098,13.0,19.0,0.9968,3.37,0.68,9.8,6
8.0,0.8,0.28,2.8,0.08,10.0,129.0,0.9975,3.29,0.52,12.5,4
8.5,0.575,0.49,2.4,0.092,7.0,61.0,0.998,3.35,0.57,9.6,8
7.8,0.73,0.44,2.0,0.081,8.0,15.0,0.99258,3.23,0.61,9.5,6
6.9,0.18,0.08,2.2,0.093,15.0,13.0,0.9982,3.71,0.55,10.1,5
9.0,0.25,0.29,1.8,0.073,18.0,43.0,0.9933,3.5,0.71,9.3,7
8.1,0.38,0.42,2.7,0.074,14.0,60.0,0.99396,3.33,0.69,9.7,6
8.2,0.38,0.24,4.8,0.1,7.0,54.0,0.99584,3.12,0.68,9.7,6
9.9,0.615,0.03,1.6,0.067,53.0,47.0,0.99471,3.36,0.63,12.9,6
6.2,0.5,0.39,2.3,0.044,27.0,49.0,1.0021,3.25,0.53,9.3,6
7.4,0.53,0.04,2.0,0.07,7.0,15.0,0.99572,3.3,0.8,9.1,6
7.5,0.65,0.28,2.1,0.059,16.0,31.0,0.99458,3.18,0.7,9.8,5
7.2,0.74,0.37,1.8,0.077,27.0,22.0,0.99456,3.08,0.6,10.2,5
5.4,0.745,0.34,2.2,0.086,12.0,61.0,0.99575,3.78,0.71,10.4,5
6.3,0.62,0.47,2.7,0.053,33.0,31.0,0.9978,3.5,0.37,10.0,5
8.4,0.54,0.1,6.7,0.079,26.0,30.0,0.99438,3.38,0.58,11.8,5
7.7,0.62,0.5,2.5,0.094,4.0,15.0,0.998,3.15,0.54,10.2,6
8.9,0.7,0.14,3.4,0.065,20.0,48.0,0.9968,3.31,0.64,12.8,5
9.8,0.64,0.63,2.0,0.171,15.0,135.0,0.9962,3.12,0.57,10.3,6
9.4,0.61,0.09,2.0,0.165,7.0,36.0,1.0002,3.22,0.55,10.2,5
6.8,0.63,0.19,3.1,0.08,19.0,24.0,0.9973,3.47,0.71,8.7,5
8.7,0.67,0.0,1.9,0.09,35.0,60.0,0.9982,3.35,0.72,9.4,6
8.9,0.31,0.36,2.8,0.077,26.0,49.0,0.9978,3.19,0.71,9.8,6
6.8,0.57,0.09,2.2,0.076,23.0,13.0,0.99706,3.14,0.74,10.4,5
12.6,0.36,0.0,2.9,0.078,27.0,106.0,0.9973,3.28,0.74,8.8,6
7.4,0.66,0.36,1.9,0.086,3.0,31.0,0.99788,3.3,0.61,9.8,6
7.8,0.29,0.12,2.0,0.07,7.0,55.0,0.99652,3.21,0.65,10.0,5
5.9,0.705,0.42,1.9,0.07,14.0,29.0,0.9965,3.18,0.7,9.8,6
7.8,0.69,0.01,4.3,0.121,43.0,55.0,0.99518,3.41,0.63,11.2,6
6.2,0.48,0.14,2.2,0.076,6.0,38.0,0.9964,3.3,0.63,9.7,5
9.1,0.61,0.44,2.6,0.053,17.0,8.0,0.99522,3.19,0.7,11.1,5
9.5,0.66,0.05,2.6,0.088,15.0,23.0,0.9988,3.51,0.92,11.5,6
6.6,0.33,0.18,2.6,0.083,17.0,53.0,0.99728,2.94,0.61,10.4,6
7.4,0.32,0.26,1.9,0.074,18.0,29.0,0.99444,3.04,0.67,11.6,6
7.5,0.33,0.5,2.7,0.074,28.0,18.0,0.9969,3.4,0.54,9.2,5
10.5,0.915,0.2,1.8,0.068,39.0,75.0,0.99785,3.42,0.58,11.1,5
8.3,0.27,0.0,2.4,0.069,17.0,26.0,0.99538,3.25,0.71,9.8,5
8.0,0.74,0.03,2.0,0.069,6.0,58.0,0.9975,3.38,0.65,10.1,6
13.2,0.63,0.08,2.6,0.111,26.0,20.0,0.99568,3.35,1.56,9.4,5
7.5,0.37,0.08,2.6,0.065,40.0,63.0,0.9988,3.15,0.59,9.5,6
5.6,0.42,0.32,3.9,0.076,15.0,47.0,0.99736,3.3,0.79,9.7,5
8.9,0.53,0.34,3.2,0.095,19.0,42.0,0.99625,3.37,0.67,11.5,4
9.9,0.775,0.02,3.2,0.071,8.0,31.0,0.99352,3.29,0.84,10.5,4
12.1,0.32,0.1,2.6,0.415,14.0,106.0,0.99354,3.44,0.64,11.8,6
6.9,0.55,0.02,2.2,0.067,12.0,77.0,0.9947,3.18,0.68,12.5,5
8.3,0.34,0.38,2.4,0.073,13.0,25.0,1.0002,3.57,0.58,9.4,6
10.4,0.45,0.02,4.25,0.073,24.0,47.0,0.99965,3.34,0.43,11.3,5
6.9,0.72,0.29,2.0,0.062,9.0,44.0,0.99438,3.26,0.77,10.5,6
9.1,0.47,0.32,2.5,0.074,12.0,155.0,1.0014,3.08,0.72,11.2,6
9.6,0.96,0.0,2.0,0.084,34.0,24.0,0.998,3.18,0.56,9.6,6
11.8,0.21,0.62,1.9,0.166,20.0,67.0,0.9978,3.45,0.44,10.5,6
6.6,0.36,0.51,2.2,0.067,18.0,45.0,0.99976,3.51,0.67,11.0,4
6.2,0.61,0.64,1.9,0.102,12.0,24.0,0.99734,3.18,0.73,11.7,4
5.9,0.41,0.0,1.6,0.088,9.0,42.0,0.9998,3.46,0.64,11.5,6
9.0,0.735,0.34,2.6,0.112,5.0,31.0,0.99745,3.16,0.65,9.2,6
9.6,0.54,0.02,6.3,0.063,6.0,24.0,0.99344,3.31,0.66,10.9,5
7.1,0.43,0.44,2.1,0.054,5.0,21.0,0.9959,3.43,0.6,9.4,6
8.2,0.35,0.16,2.5,0.082,7.0,94.0,0.9997,3.08,0.63,9.9,7
7.5,0.16,0.14,2.5,0.063,23.0,54.0,0.9922,3.35,0.8,9.7,5
9.1,0.36,0.34,1.8,0.084,21.0,53.0,0.9959,3.62,0.5,11.0,6
7.7,0.38,0.1,2.3,0.17,12.0,35.0,0.9973,3.46,0.64,12.4,5
7.2,0.745,0.66,8.8,0.069,12.0,23.0,0.99677,3.3,0.6,10.9,6
7.2,0.4,0.42,3.3,0.08,17.0,105.0,0.9979,3.23,0.58,10.2,5
9.4,0.61,0.06,2.2,0.084,7.0,24.0,0.99712,3.1,0.61,12.1,6
9.4,0.3,0.2,1.9,0.067,27.0,106.0,0.9946,3.46,0.66,9.1,6
6.6,0.63,0.59,1.9,0.084,10.0,23.0,0.99378,3.28,0.72,11.7,7
7.9,0.39,0.49,1.7,0.073,6.0,77.0,0.9978,3.22,0.57,9.3,3
9.8,0.34,0.24,1.7,0.082,7.0,6.0,0.998,3.52,0.6,9.3,6
7.6,0.6,0.05,1.6,0.066,24.0,55.0,0.9968,3.46,0.63,10.5,4
6.8,0.3,0.59,1.6,0.171,17.0,15.0,0.99704,3.22,0.66,10.0,5
10.7,0.61,0.43,2.0,0.091,10.0,39.0,0.99712,3.68,0.71,10.0,6
7.4,0.34,0.49,2.9,0.061,25.0,28.0,0.9956,3.43,0.39,9.5,7
6.8,0.53,0.43,2.1,0.067,37.0,34.0,0.99323,3.34,0.67,10.2,6
7.6,0.22,0.54,2.9,0.058,9.0,58.0,0.99612,3.29,0.56,12.6,7
15.9,0.82,0.4,1.5,0.061,16.0,23.0,0.9994,3.22,0.57,10.9,5
9.9,0.62,0.47,3.7,0.077,16.0,14.0,0.99727,3.16,0.56,10.9,6
8.3,0.69,0.36,2.1,0.077,12.0,13.0,0.9982,3.45,0.47,10.9,5
6.8,0.43,0.23,2.0,0.058,7.0,15.0,0.9974,3.4,0.82,10.4,5
8.6,0.47,0.74,5.1,0.065,32.0,13.0,0.9976,2.92,0.71,11.3,5
7.8,0.645,0.09,2.4,0.098,27.0,32.0,0.99402,3.1,0.67,9.3,5
6.2,0.58,0.44,1.5,0.082,28.0,24.0,0.998,3.12,0.65,11.9,5
7.6,0.39,0.0,2.55,0.072,3.0,15.0,0.99545,3.12,0.5,12.1,6
10.7,0.65,0.3,2.0,0.085,41.0,59.0,0.9956,3.26,0.63,9.0,6
7.6,0.4,0.24,1.8,0.099,27.0,12.0,0.99522,3.48,0.47,11.2,6
10.0,0.39,0.1,3.7,0.082,22.0,45.0,0.9966,3.31,0.51,11.0,6
9.9,0.68,0.57,2.2,0.095,10.0,28.0,1.0001,3.38,1.14,9.0,7
12.4,0.39,0.14,2.1,0.061,6.0,61.0,0.99371,3.68,0.65,10.0,5
8.8,0.645,0.49,1.8,0.071,36.0,49.0,0.9969,3.2,0.86,10.0,5
7.8,0.715,0.01,4.1,0.062,5.0,14.0,0.9947,3.58,0.64,10.0,5
8.1,0.37,0.47,1.4,0.097,34.0,13.0,0.99501,3.27,0.91,10.0,6
15.6,0.24,0.24,4.5,0.075,5.0,32.0,0.99468,3.12,0.94,10.5,5
6.6,0.46,0.01,2.0,0.066,9.0,13.0,0.9932,3.26,0.52,10.0,6
12.5,0.47,0.06,2.4,0.079,5.0,46.0,0.9944,3.4,0.53,9.6,5
6.6,0.66,0.64,2.2,0.07,12.0,40.0,0.99344,3.56,0.58,10.6,5
6.9,0.31,0.07,1.5,0.074,16.0,46.0,0.99516,3.22,0.67,10.0,5
8.6,0.51,0.28,2.5,0.076,20.0,47.0,1.0032,3.31,0.63,9.6,4
12.8,0.59,0.36,5.5,0.075,9.0,12.0,0.9968,3.16,0.43,10.4,4
8.6,0.22,0.25,7.8,0.087,32.0,14.0,0.997,3.31,0.76,9.6,5
10.1,0.665,0.0,5.15,0.08,10.0,95.0,0.9977,3.12,0.66,12.0,6
7.8,0.78,0.22,2.15,0.073,6.0,36.0,0.9962,3.43,1.28,9.2,6
7.2,0.645,0.68,2.1,0.077,16.0,95.0,0.99888,3.32,0.64,9.55,5
10.3,0.5,0.45,2.3,0.08,28.0,77.0,0.998,3.18,0.64,9.5,6
5.6,0.44,0.25,1.6,0.086,14.0,48.0,0.99526,3.1,0.5,9.5,6
11.6,0.24,0.52,2.8,0.065,24.0,22.0,0.9955,3.22,0.52,9.6,7
7.8,0.33,0.42,2.0,0.076,21.0,37.0,0.998,3.51,0.6,10.2,5
8.6,0.52,0.25,2.7,0.069,26.0,20.0,0.99655,3.24,0.54,10.5,5
11.6,1.33,0.27,2.2,0.073,19.0,16.0,0.9978,2.94,0.86,10.6,6
6.7,0.62,0.09,3.3,0.07,26.0,27.0,1.00315,3.26,0.43,9.4,5
7.3,0.4,0.08,1.5,0.078,16.0,27.0,0.99416,3.41,0.54,9.4,5
6.5,0.39,0.26,2.4,0.071,14.0,122.0,0.9962,3.41,0.73,9.5,5
6.6,0.28,0.45,2.1,0.165,21.0,18.0,0.9984,3.14,0.65,11.1,6
10.2,0.62,0.11,2.4,0.148,41.0,43.0,0.9986,3.19,0.6,9.5,7
7.4,0.23,0.0,1.4,0.082,9.0,43.0,0.998,3.52,0.62,11.0,5
12.2,0.745,0.42,2.6,0.095,28.0,40.0,0.99414,3.5,0.67,10.0,5
7.5,0.705,0.08,1.9,0.092,4.0,86.0,0.9961,3.39,0.72,9.7,5
7.5,0.915,0.73,2.9,0.092,6.0,38.0,0.9984,3.25,0.48,12.5,6
8.2,0.63,0.19,4.4,0.073,6.0,57.0,0.99658,3.3,0.6,9.5,5
5.4,0.43,0.49,2.6,0.041,5.0,86.0,0.9973,3.26,0.58,11.5,6
6.9,0.56,0.24,2.5,0.071,7.0,39.0,0.9988,3.43,0.76,10.0,7
5.6,0.83,0.49,1.7,0.091,11.0,46.0,0.9986,3.17,0.66,9.2,6
7.2,0.6,0.31,2.2,0.063,21.0,18.0,0.99764,3.35,0.6,9.7,6
10.3,0.58,0.29,2.0,0.07,28.0,8.0,0.9969,3.15,0.81,9.7,5
7.0,0.36,0.07,2.9,0.075,10.0,88.0,0.999,3.0,0.62,9.5,6
11.1,0.47,0.09,2.4,0.043,25.0,37.0,0.99836,3.47,0.55,10.9,6
6.1,0.47,0.23,2.1,0.07,24.0,66.0,1.0001,3.14,0.49,9.2,5
9.3,0.73,0.36,2.3,0.058,5.0,44.0,0.99713,3.19,0.57,9.4,5
10.2,0.58,0.47,2.2,0.055,6.0,24.0,0.9964,3.59,0.59,10.5,5
7.5,0.62,0.03,2.4,0.115,15.0,21.0,0.99733,3.2,0.59,9.7,5
7.7,0.37,0.24,1.9,0.089,25.0,20.0,1.0003,3.3,0.56,9.2,7
9.7,0.38,0.49,2.5,0.07,25.0,101.0,1.0008,3.39,0.52,9.4,5
10.5,0.725,0.18,2.3,0.166,14.0,50.0,0.9971,3.48,0.66,11.7,5
9.8,0.58,0.21,2.3,0.062,21.0,25.0,0.99352,3.26,1.56,9.7,4
6.0,0.635,0.03,2.4,0.124,9.0,24.0,0.9966,3.15,0.45,9.4,6
5.8,0.37,0.39,2.4,0.067,36.0,28.0,0.99346,3.1,0.64,11.2,5
12.5,0.715,0.29,1.4,0.168,9.0,19.0,0.9986,3.36,0.48,9.9,5
8.9,0.25,0.4,1.7,0.066,9.0,25.0,0.99684,3.43,0.86,13.0,5
7.7,0.31,0.2,2.0,0.075,17.0,26.0,0.99531,3.35,0.71,11.2,6
7.2,0.83,0.68,1.9,0.049,7.0,43.0,0.9969,3.43,0.58,9.6,5
11.6,0.38,0.0,1.4,0.076,10.0,47.0,0.99438,3.38,0.52,9.55,6
9.1,0.48,0.79,1.2,0.09,6.0,77.0,0.99556,3.53,0.97,10.9,5
6.1,0.49,0.12,1.8,0.088,25.0,24.0,0.99476,3.33,0.69,9.5,6
11.2,0.66,0.0,1.4,0.058,14.0,14.0,0.99252,3.28,0.69,10.9,5
6.2,0.5,0.06,7.2,0.078,26.0,24.0,0.9959,3.53,0.47,10.0,6
7.2,0.4,0.19,1.6,0.061,18.0,71.0,0.9969,3.42,0.65,9.4,6
6.0,0.31,0.61,1.9,0.25,17.0,50.0,0.997,3.6,0.47,10.2,6
7.2,0.53,0.08,1.8,0.074,12.0,27.0,0.9963,3.67,0.54,11.5,6
8.9,0.6,0.18,2.8,0.105,7.0,67.0,0.99729,3.2,0.74,9.2,6
7.8,0.585,0.45,4.4,0.07,16.0,20.0,0.9974,3.32,0.53,9.5,6
8.8,0.545,0.12,1.9,0.092,21.0,67.0,0.9982,3.42,0.6,11.4,7
6.6,0.24,0.49,1.9,0.1,15.0,32.0,0.9978,3.41,1.98,9.2,5
7.8,0.27,0.15,4.2,0.084,24.0,88.0,0.997,3.37,0.58,11.9,7
7.5,0.635,0.2,1.8,0.087,5.0,145.0,0.99549,3.16,0.48,11.8,7
8.1,0.6,0.45,2.0,0.075,6.0,25.0,0.9963,3.02,0.56,10.0,5
12.7,0.775,0.05,1.8,0.081,13.0,40.0,0.9982,3.23,0.7,9.5,6
7.4,0.41,0.09,1.6,0.36,3.0,11.0,0.9976,3.32,0.8,12.7,5
7.2,0.57,0.33,1.7,0.073,22.0,16.0,1.0021,3.13,0.67,9.8,6
6.9,0.62,0.0,2.5,0.05,19.0,38.0,0.999,3.43,0.72,11.7,7
7.5,0.685,0.16,3.1,0.072,5.0,46.0,0.9977,3.29,0.59,9.4,6
7.4,0.37,0.09,2.6,0.074,18.0,22.0,0.99633,3.47,1.28,11.8,6
6.8,0.58,0.57,2.8,0.078,26.0,33.0,0.99534,3.15,0.78,10.0,6
8.5,0.53,0.0,1.5,0.057,10.0,93.0,0.9966,3.32,0.66,9.8,5
12.3,0.44,0.31,2.0,0.064,27.0,78.0,0.9968,3.48,0.46,10.8,5
11.5,0.77,0.3,1.8,0.084,5.0,11.0,1.00242,3.34,0.58,12.6,5
8.0,0.33,0.4,3.4,0.069,30.0,15.0,0.9972,3.29,0.52,9.4,4
6.7,0.53,0.22,2.9,0.072,26.0,80.0,0.99524,3.07,0.54,9.2,6
8.4,0.675,0.3,2.1,0.103,19.0,13.0,0.99702,3.29,0.55,10.0,5
11.6,0.34,0.0,2.4,0.07,7.0,25.0,0.9973,3.41,1.1,9.5,5
10.0,0.61,0.24,2.3,0.126,12.0,61.0,0.9971,3.41,0.6,11.2,5
12.3,0.6,0.24,2.1,0.1,48.0,62.0,0.99512,3.22,0.85,10.5,6
10.4,0.56,0.39,1.7,0.088,16.0,38.0,1.0006,3.32,0.67,9.2,7
8.9,0.19,0.54,2.5,0.092,9.0,26.0,0.99643,3.5,0.76,11.0,7
10.0,0.61,0.06,2.0,0.064,23.0,135.0,0.9988,3.27,0.5,11.4,5
6.8,0.3,0.49,3.1,0.1,17.0,52.0,0.9972,3.25,0.55,9.7,5
7.3,0.29,0.48,1.7,0.137,3.0,129.0,0.99418,3.24,0.48,11.1,6
8.4,0.48,0.28,1.9,0.073,3.0,29.0,0.9963,3.27,0.7,9.5,5
8.8,0.24,0.17,3.8,0.1,14.0,26.0,0.99558,3.54,0.42,9.6,6
7.4,0.35,0.32,2.2,0.048,12.0,7.0,0.998,3.48,0.89,11.1,5
7.6,0.66,0.42,4.0,0.077,6.0,44.0,0.9948,3.18,0.7,12.9,6
8.0,0.52,0.07,2.5,0.075,32.0,54.0,0.9947,3.24,0.7,11.2,7
9.8,0.52,0.18,1.8,0.092,15.0,38.0,0.9959,3.37,0.47,10.8,6
8.6,0.61,0.23,4.1,0.086,6.0,44.0,0.9972,3.25,0.62,10.9,6
7.8,0.45,0.15,1.5,0.36,13.0,28.0,0.9964,3.17,0.67,10.5,5
5.6,0.29,0.0,2.0,0.062,18.0,20.0,0.99824,3.33,0.61,10.9,6
11.5,0.54,0.58,2.4,0.065,9.0,13.0,0.9963,3.15,0.62,11.0,5
6.6,0.91,0.08,1.7,0.076,6.0,144.0,0.9966,3.32,0.5,9.3,6
7.4,0.32,0.18,2.2,0.068,6.0,74.0,0.99659,3.62,0.47,10.7,7
8.7,0.28,0.02,6.3,0.087,11.0,143.0,0.99581,3.24,0.82,9.5,5
10.7,0.26,0.26,1.2,0.067,8.0,134.0,0.9969,3.32,0.54,9.8,5
6.7,0.665,0.24,2.5,0.046,6.0,69.0,0.99901,3.25,0.57,11.2,5
13.8,0.52,0.0,2.4,0.065,34.0,19.0,0.9958,3.43,0.52,9.3,6
8.1,0.62,0.02,2.7,0.086,6.0,65.0,0.99654,3.22,0.52,10.9,5
7.3,0.62,0.3,2.8,0.07,27.0,58.0,0.9958,3.29,0.54,10.0,7
11.5,0.61,0.29,1.7,0.094,7.0,45.0,0.99528,3.33,0.82,11.1,5
7.1,0.33,0.44,1.4,0.093,18.0,39.0,0.9979,3.13,0.59,12.0,6
6.7,0.53,0.09,2.5,0.075,7.0,23.0,0.99736,3.56,0.59,10.5,7
7.0,0.39,0.0,9.0,0.086,5.0,77.0,0.99788,3.62,0.77,9.4,5
5.4,0.65,0.3,2.3,0.078,3.0,44.0,0.99408,3.22,0.59,9.2,7
7.5,0.48,0.36,2.1,0.092,19.0,9.0,0.99938,3.3,0.57,9.7,6
7.2,0.67,0.02,2.5,0.091,6.0,11.0,0.9964,3.26,0.6,11.1,5
8.9,0.48,0.14,5.7,0.08,14.0,74.0,0.9978,3.07,0.54,9.6,5
12.1,0.44,0.32,1.8,0.091,5.0,9.0,0.9976,3.41,0.6,10.1,8
8.9,0.55,0.34,2.6,0.083,16.0,89.0,0.9952,3.36,0.78,9.0,6
8.5,0.5,0.26,2.8,0.106,23.0,15.0,0.99788,3.36,0.53,9.8,6
9.7,0.64,0.25,2.9,0.084,9.0,24.0,0.99647,3.11,0.56,11.2,5
8.0,0.49,0.07,2.6,0.077,17.0,102.0,0.99518,3.21,0.6,9.4,7
7.1,0.54,0.0,2.4,0.09,15.0,12.0,0.9952,3.23,0.87,9.2,6
10.3,0.16,0.21,2.0,0.107,7.0,27.0,0.99546,3.23,0.71,9.6,6
7.7,0.27,0.55,1.4,0.076,27.0,106.0,0.99545,3.01,0.49,10.7,6
5.6,0.4,0.45,2.4,0.069,31.0,29.0,0.99824,3.31,0.51,9.2,5
11.9,0.48,0.28,1.7,0.057,14.0,18.0,0.99592,3.32,0.76,9.6,5
8.3,0.57,0.07,2.6,0.09,30.0,37.0,0.99803,3.15,1.36,11.0,6
7.4,0.65,0.29,2.6,0.076,19.0,39.0,0.9964,3.46,0.46,9.5,5
9.4,0.6,0.19,4.4,0.078,19.0,46.0,0.99396,3.41,0.61,12.0,5
7.0,0.75,0.32,2.0,0.071,10.0,46.0,0.9974,3.43,0.57,10.6,5
10.6,0.58,0.17,1.6,0.096,10.0,10.0,0.99704,3.72,0.78,10.5,5
7.3,0.395,0.27,1.8,0.083,23.0,47.0,0.99634,3.2,0.64,10.8,5
8.9,0.53,0.1,2.4,0.077,5.0,31.0,0.9962,3.63,0.82,10.3,5
7.5,0.41,0.19,1.6,0.085,21.0,65.0,0.99822,3.1,0.54,12.9,6
5.7,0.84,0.45,2.9,0.068,7.0,121.0,0.9982,3.46,0.66,11.1,6
7.8,0.29,0.03,2.8,0.079,8.0,37.0,0.99538,3.43,1.11,11.3,5
12.5,0.39,0.58,1.8,0.19,15.0,77.0,0.9982,3.62,0.93,10.2,6
11.5,0.67,0.14,1.9,0.07,38.0,92.0,0.9982,3.36,0.59,10.5,4
8.5,1.01,0.08,2.8,0.103,16.0,34.0,0.99738,3.38,0.51,9.4,6
7.6,0.545,0.49,5.5,0.074,12.0,53.0,0.99901,3.35,0.52,9.7,5
10.2,0.42,0.05,2.3,0.157,23.0,14.0,0.99578,3.42,0.59,12.8,5
6.9,0.28,0.61,10.7,0.066,21.0,59.0,0.99768,3.15,0.57,11.5,5
7.0,0.31,0.06,2.6,0.414,13.0,65.0,0.99588,3.15,1.28,9.5,5
6.6,0.37,0.08,7.8,0.071,24.0,98.0,0.99462,3.17,0.61,9.1,5
7.5,0.6,0.02,1.6,0.075,10.0,53.0,0.9955,3.23,0.82,9.7,6
7.1,0.7,0.21,2.7,0.105,15.0,92.0,0.9981,3.37,0.54,9.9,4
6.9,0.61,0.24,2.1,0.075,17.0,38.0,0.99722,3.38,0.56,10.0,7
8.0,0.825,0.02,3.6,0.082,9.0,24.0,0.9955,3.33,0.61,9.7,7
7.1,0.31,0.39,1.6,0.464,21.0,27.0,0.99638,3.53,0.66,9.7,5
13.0,0.67,0.0,4.6,0.086,21.0,22.0,0.99668,3.13,0.72,9.8,5
8.9,0.29,0.39,3.9,0.076,6.0,10.0,0.99522,3.18,0.65,10.5,5
7.1,0.41,0.33,3.0,0.077,7.0,34.0,0.99824,3.43,0.9,9.4,6
7.0,0.28,0.26,1.9,0.076,5.0,25.0,0.99545,3.68,0.57,12.2,4
10.9,0.28,0.5,1.8,0.077,6.0,41.0,0.9957,3.16,1.28,9.7,6
7.0,0.58,0.0,2.1,0.07,5.0,15.0,0.9979,3.46,1.33,9.9,6
5.5,0.615,0.49,2.0,0.076,5.0,29.0,0.9963,3.28,0.54,11.7,6
6.3,0.43,0.41,2.0,0.061,4.0,60.0,0.99459,3.22,0.66,10.4,6
7.1,0.55,0.08,2.2,0.076,5.0,19.0,1.001,3.3,0.43,9.7,6
9.3,0.7,0.19,2.2,0.067,6.0,85.0,0.9955,3.12,0.45,9.5,4
7.7,0.5,0.2,2.1,0.086,23.0,47.0,0.9959,3.23,0.88,9.3,5
7.3,0.49,0.51,4.1,0.079,29.0,47.0,0.9955,2.99,0.54,9.5,5
8.3,0.49,0.32,2.6,0.36,6.0,23.0,0.99572,3.37,0.61,11.5,6
9.7,0.58,0.28,2.8,0.088,7.0,74.0,0.9963,3.52,0.87,10.0,5
9.6,0.41,0.0,3.8,0.104,6.0,40.0,0.99842,3.26,0.58,10.8,6
8.3,0.58,0.32,2.3,0.068,17.0,38.0,0.99768,3.42,0.68,10.7,6
9.2,0.48,0.1,3.4,0.063,18.0,32.0,0.998,3.17,0.6,9.5,5
7.8,0.58,0.08,2.2,0.074,19.0,45.0,0.9994,3.45,0.51,10.6,7
9.0,0.48,0.59,2.8,0.062,16.0,32.0,0.9976,3.39,0.49,10.9,6
7.6,0.58,0.24,2.6,0.098,15.0,17.0,1.0001,3.15,0.63,9.8,5
6.0,0.5,0.49,2.9,0.09,15.0,15.0,0.9924,3.44,0.5,9.0,5
5.0,0.75,0.66,2.8,0.068,19.0,18.0,0.99064,3.33,1.98,9.0,6
9.0,0.825,0.02,2.5,0.092,15.0,91.0,0.9969,3.21,0.57,12.0,6
6.9,0.59,0.14,2.0,0.084,18.0,152.0,0.99354,2.93,0.72,9.5,6
6.5,0.37,0.23,1.7,0.094,16.0,19.0,0.99586,3.23,0.63,10.7,5
7.2,0.41,0.41,2.0,0.08,23.0,16.0,0.9947,3.28,0.92,10.0,5
7.1,0.53,0.55,2.1,0.059,6.0,34.0,0.9982,3.29,0.85,12.4,4
8.0,0.47,0.45,1.9,0.066,3.0,13.0,0.9976,3.16,0.63,9.6,6
6.4,0.635,0.01,1.7,0.049,7.0,48.0,0.99734,3.32,0.4,10.3,6
8.7,0.39,0.44,2.15,0.092,9.0,22.0,0.9991,3.35,0.58,10.7,7
7.0,0.4,0.39,4.3,0.08,6.0,20.0,0.99476,3.34,0.81,10.4,5
7.1,0.795,0.0,2.4,0.057,16.0,104.0,0.9962,3.71,0.56,12.4,6
7.3,0.63,0.66,2.2,0.079,5.0,11.0,0.99603,3.33,0.62,9.2,6
5.2,0.59,0.37,2.9,0.104,72.0,23.0,0.99718,3.52,0.62,9.4,6
11.9,0.61,0.64,2.5,0.096,7.0,26.0,0.9984,3.35,0.37,12.1,6
7.8,0.52,0.0,3.0,0.065,7.0,43.0,0.99354,3.46,0.68,10.2,7
6.6,0.84,0.41,2.6,0.053,26.0,77.0,0.9908,3.17,0.75,12.8,6
7.3,0.48,0.39,2.0,0.092,52.0,67.0,0.9953,3.39,0.47,13.0,7
10.0,1.185,0.49,2.5,0.092,6.0,102.0,0.99494,3.33,0.57,9.8,6
8.6,0.5,0.24,2.8,0.068,6.0,111.0,0.99659,3.29,0.68,9.0,6
7.5,0.34,0.39,2.1,0.079,10.0,84.0,0.99604,3.56,0.92,10.2,7
10.0,0.58,0.29,2.4,0.093,12.0,77.0,0.99629,3.25,1.17,10.3,5
13.5,0.28,0.07,2.6,0.09,8.0,11.0,0.99722,2.94,0.67,12.5,7
8.1,0.29,0.23,2.5,0.168,7.0,39.0,0.99639,3.34,0.74,9.4,7
11.9,0.3,0.41,2.1,0.076,4.0,67.0,0.99565,3.28,0.69,11.0,5
6.8,0.29,0.24,1.7,0.096,20.0,16.0,0.99354,3.3,0.79,11.9,6
5.8,0.31,0.09,2.2,0.064,21.0,65.0,0.9984,3.28,0.6,9.5,6
11.9,0.59,0.33,2.6,0.086,9.0,34.0,0.99438,3.23,0.65,12.5,6
11.5,0.37,0.08,2.0,0.091,6.0,101.0,0.99667,3.01,0.6,9.4,6
7.6,0.62,0.74,1.7,0.069,27.0,19.0,0.9972,3.51,0.52,9.4,6
8.4,0.545,0.01,1.7,0.08,6.0,38.0,0.99318,3.3,0.64,9.8,6
7.1,0.57,0.0,2.1,0.067,5.0,109.0,0.99635,3.46,0.76,10.9,5
7.7,0.53,0.29,1.7,0.078,6.0,19.0,0.99745,3.2,0.51,11.4,5
7.8,0.32,0.04,2.0,0.049,45.0,62.0,0.99745,3.17,0.63,12.5,6
9.0,0.705,0.02,2.0,0.096,15.0,87.0,0.997,3.46,0.68,12.5,5
10.0,0.59,0.49,3.1,0.069,8.0,49.0,0.9954,3.66,0.54,10.4,5
7.3,0.43,0.02,2.0,0.084,4.0,23.0,0.99721,3.42,0.8,9.6,5
6.6,0.56,0.54,2.3,0.046,6.0,40.0,0.99588,3.18,0.52,11.0,6
7.2,0.46,0.24,2.3,0.074,21.0,20.0,0.99655,3.44,0.83,12.0,6
7.4,0.45,0.08,2.4,0.082,13.0,82.0,0.99551,3.42,0.58,12.5,5
6.7,0.69,0.3,2.3,0.089,7.0,19.0,0.9963,3.33,0.51,9.2,5
6.1,0.92,0.52,2.1,0.106,12.0,64.0,0.99593,3.31,0.98,9.8,6
7.8,0.67,0.24,2.5,0.082,7.0,20.0,0.9968,3.4,0.65,9.2,6
9.3,0.28,0.18,2.0,0.074,32.0,48.0,0.9968,3.31,0.75,8.8,4
7.4,0.74,0.45,2.6,0.11,7.0,92.0,0.99668,3.44,0.8,10.9,5
12.7,0.48,0.33,3.0,0.097,12.0,18.0,0.997,3.32,0.81,9.8,6
6.5,0.66,0.07,2.2,0.061,7.0,26.0,0.99736,3.06,0.6,8.7,5
12.0,0.5,0.4,2.3,0.068,12.0,12.0,0.9978,3.05,0.51,9.4,5
6.4,0.58,0.35,1.6,0.077,23.0,43.0,0.9956,3.46,0.57,9.5,6
7.9,0.68,0.42,1.8,0.074,45.0,62.0,0.99531,3.22,0.72,11.2,7
8.6,0.29,0.15,2.0,0.171,6.0,14.0,0.9986,3.29,0.83,10.0,6
9.6,0.6,0.0,2.4,0.078,27.0,73.0,0.9978,3.22,0.8,9.4,6
8.5,0.41,0.26,6.7,0.081,5.0,66.0,0.9988,3.25,0.57,9.8,4
8.6,0.59,0.02,2.1,0.091,15.0,24.0,0.99414,3.24,0.51,9.8,7
8.0,0.845,0.05,2.0,0.086,3.0,68.0,0.9986,3.25,0.84,11.3,6
7.8,0.35,0.63,1.5,0.074,8.0,95.0,0.9985,3.51,0.62,11.1,6
7.0,0.64,0.2,1.4,0.118,20.0,11.0,0.99568,3.46,0.83,10.4,6
10.9,0.72,0.05,13.9,0.073,12.0,73.0,1.0004,3.39,0.65,8.4,6
10.3,0.49,0.14,2.1,0.068,33.0,77.5,0.99575,3.4,0.59,9.8,4
8.6,0.715,0.66,2.7,0.087,11.0,29.0,0.9958,3.46,1.05,9.2,7
8.6,0.67,0.01,1.4,0.214,19.0,65.0,0.9946,3.29,0.54,12.0,6
8.9,0.54,0.04,2.6,0.089,24.0,18.0,0.9943,3.52,0.63,10.4,7
10.3,0.585,0.1,3.9,0.114,11.0,34.0,0.996,3.27,0.77,9.6,5
8.0,0.52,0.0,1.4,0.054,11.0,26.0,0.9928,3.29,0.46,10.8,5
7.4,0.66,0.03,6.2,0.079,33.0,29.0,0.997,3.41,0.54,10.5,6
8.0,0.37,0.22,0.9,0.08,9.0,51.0,0.99616,3.15,1.06,12.3,5
7.7,0.48,0.33,4.0,0.076,7.0,11.0,0.99613,3.07,0.6,9.2,7
7.2,0.4,0.5,1.8,0.064,12.0,22.0,0.99685,3.44,0.47,9.3,5
7.2,0.62,0.11,1.4,0.089,10.0,18.0,0.9994,3.78,0.57,11.6,7
10.0,0.57,0.6,1.8,0.08,6.0,133.0,0.99702,3.18,0.63,10.1,7
7.0,0.28,0.0,2.0,0.079,15.0,10.0,0.99522,3.32,0.71,12.0,7
6.6,0.43,0.14,1.65,0.082,37.0,38.0,0.9961,3.6,0.72,9.5,5
6.6,0.605,0.19,2.0,0.098,38.0,18.0,0.9968,3.1,0.59,12.3,6
9.3,0.705,0.44,1.4,0.081,3.0,73.0,0.99613,3.3,0.5,10.9,6
5.5,0.49,0.24,2.0,0.061,10.0,94.0,0.9976,3.38,0.46,11.2,6
9.9,0.18,0.49,1.8,0.467,6.0,37.0,0.9965,3.33,0.54,10.1,6
15.6,0.98,0.58,1.9,0.092,7.0,54.0,0.99586,2.93,0.63,10.1,5
6.6,0.63,0.74,2.9,0.114,21.0,37.0,0.99615,3.3,1.02,9.4,5
10.4,0.44,0.08,2.7,0.049,4.0,12.0,0.9955,2.92,0.48,12.0,7
7.6,0.37,0.0,4.3,0.079,14.0,100.0,0.9966,3.28,0.77,11.3,6
6.8,0.44,0.32,1.7,0.086,5.0,11.0,0.9947,3.34,0.56,9.4,7
6.7,0.32,0.57,2.3,0.095,8.0,44.0,0.99402,3.34,0.55,9.0,5
7.2,0.62,0.39,2.7,0.072,27.0,19.0,0.9959,3.1,0.53,9.8,5
12.3,0.39,0.0,2.6,0.071,18.0,79.0,0.9988,3.21,0.75,9.7,6
6.4,0.67,0.0,15.5,0.1,3.0,32.0,0.99786,3.28,0.52,11.2,5
9.6,0.68,0.62,1.5,0.095,13.0,20.0,0.99531,3.4,0.6,11.2,7
6.8,0.45,0.67,5.1,0.085,25.0,18.0,0.9972,3.16,0.54,9.5,7
8.4,0.22,0.34,1.9,0.044,11.0,69.0,1.0006,3.52,0.46,10.4,6
9.1,1.025,0.17,1.8,0.09,37.0,43.0,0.99669,3.18,0.43,9.4,5
7.6,0.67,0.0,2.6,0.062,40.0,69.0,0.9972,3.33,0.48,9.1,5
7.8,0.23,0.12,5.6,0.1,22.0,74.0,0.998,3.07,0.48,9.1,6
9.4,0.5,0.0,2.65,0.092,13.0,14.0,0.99416,3.22,0.58,9.2,7
5.1,0.41,0.0,2.0,0.063,29.0,64.0,0.99506,3.28,0.61,9.3,5
7.4,0.47,0.32,1.7,0.096,14.0,32.0,0.99758,3.46,0.67,10.4,5
13.3,0.725,0.44,1.6,0.075,3.0,9.0,0.9962,3.12,0.72,10.9,8
8.6,0.31,0.0,3.0,0.071,3.0,28.0,0.9957,3.38,0.58,9.3,7
8.6,0.57,0.23,1.4,0.077,24.0,13.0,0.99628,3.21,0.52,11.5,6
6.8,0.73,0.3,2.5,0.069,26.0,19.0,1.0003,3.43,0.77,9.8,5
8.0,0.53,0.2,2.7,0.06,10.0,6.0,0.99495,3.19,0.5,11.3,6
9.9,0.36,0.24,2.7,0.084,21.0,12.0,0.99925,3.3,0.68,10.6,6
6.6,0.46,0.17,1.6,0.08,5.0,57.0,0.99738,3.35,0.6,10.4,6
7.5,0.62,0.29,2.7,0.055,23.0,68.0,0.9958,3.11,0.54,10.7,5
8.8,0.77,0.22,1.8,0.084,6.0,44.0,0.99316,3.26,0.62,11.9,5
9.6,0.82,0.33,6.6,0.088,26.0,25.0,0.99556,3.14,0.83,9.3,6
12.2,0.69,0.06,2.4,0.083,6.0,13.0,0.9943,2.86,1.04,9.9,5
8.0,0.69,0.18,2.3,0.067,34.0,64.0,0.9946,3.3,0.59,9.1,6
7.1,0.36,0.32,2.4,0.09,7.0,35.0,0.996,3.12,0.71,12.4,6
7.0,0.645,0.14,2.5,0.075,13.0,43.0,0.99516,3.33,0.76,10.0,6
9.1,0.53,0.16,1.9,0.081,6.0,26.0,0.9966,3.24,0.49,13.4,5
9.1,0.745,0.09,2.4,0.085,6.0,27.0,0.99727,3.6,0.6,11.4,5
8.3,0.51,0.43,2.0,0.056,4.0,32.0,0.9976,3.28,0.85,10.0,6
7.5,0.43,0.0,1.6,0.092,10.0,24.0,0.99488,3.48,0.64,9.5,6
7.1,0.31,0.26,2.0,0.064,38.0,20.0,0.99656,3.62,0.83,9.4,6
10.2,0.34,0.26,2.2,0.087,5.0,22.0,0.99625,3.34,0.67,10.1,5
7.9,0.47,0.52,1.7,0.087,6.0,88.0,0.99652,3.03,0.62,9.9,5
7.3,0.56,0.24,1.65,0.085,52.0,18.0,0.9958,3.29,0.7,12.2,6
12.2,0.54,0.58,1.6,0.1,21.0,31.0,0.9979,3.24,0.57,9.2,5
12.6,0.51,0.23,1.8,0.082,12.0,12.0,0.9961,3.17,0.49,10.5,6
8.4,0.72,0.6,1.65,0.063,32.0,35.0,0.99371,3.34,0.88,8.7,5
8.9,0.33,0.52,1.2,0.095,14.0,12.0,0.9949,3.37,0.76,9.0,6
6.5,0.49,0.18,2.7,0.092,24.0,11.0,0.99782,3.2,0.59,10.4,5
7.4,0.67,0.21,2.1,0.073,23.0,54.0,0.99745,3.41,0.56,10.0,6
8.2,0.49,0.57,1.8,0.069,7.0,58.0,0.9966,3.2,0.65,9.2,7
8.8,0.44,0.39,1.8,0.077,6.0,16.0,1.0,3.37,0.55,11.3,7
9.3,0.45,0.3,2.2,0.118,72.0,46.0,0.99865,3.34,0.55,9.4,5
6.4,0.31,0.63,2.4,0.083,14.0,18.0,0.995,3.4,0.48,9.4,6
7.1,0.54,0.18,3.0,0.086,15.0,76.0,0.9952,3.33,0.65,9.6,6
6.8,0.34,0.19,3.1,0.083,19.0,54.0,0.9988,3.21,0.72,9.4,6
6.9,0.78,0.0,3.8,0.077,23.0,25.0,0.9948,3.22,0.56,8.8,5
7.6,0.5,0.34,3.3,0.08,7.0,16.0,0.9979,2.88,0.58,10.5,5
5.4,0.55,0.04,2.7,0.044,18.0,11.0,0.99357,3.59,0.58,10.2,5
7.9,0.23,0.53,2.5,0.081,72.0,46.0,0.9968,3.13,0.62,12.6,7
7.4,0.67,0.26,1.9,0.075,14.0,36.0,0.99625,3.31,0.96,10.1,6
5.4,0.69,0.09,1.7,0.067,6.0,11.0,0.99672,3.22,0.7,9.2,6
7.5,0.56,0.04,2.2,0.096,34.0,113.0,0.998,3.18,0.81,10.0,6
5.9,0.69,0.24,13.4,0.076,46.0,31.0,0.9966,3.57,0.54,12.2,5
9.9,0.48,0.5,1.8,0.071,18.0,60.0,0.9946,3.33,0.76,9.3,4
8.1,0.6,0.37,2.4,0.054,29.0,145.0,1.0,3.34,0.76,9.5,5
6.8,0.52,0.2,2.4,0.08,31.0,35.0,0.998,3.21,0.54,13.6,7
8.8,0.38,0.0,3.7,0.1,28.0,15.0,0.9991,3.35,0.74,10.2,7
6.5,0.645,0.39,1.7,0.413,8.0,15.0,0.9961,3.5,0.54,9.2,6
9.5,0.51,0.49,1.8,0.074,25.0,42.0,0.9972,3.38,0.77,11.4,6
8.3,0.56,0.37,2.7,0.068,5.0,65.0,0.9968,3.35,0.49,12.4,5
12.6,0.31,0.21,1.8,0.09,38.0,35.0,0.9968,3.48,0.77,9.8,6
8.3,0.48,0.03,7.8,0.094,9.0,51.0,1.0004,3.35,0.74,11.9,5
6.6,0.49,0.27,1.9,0.09,23.0,28.0,0.99525,3.7,0.52,11.4,6
6.2,0.39,0.46,5.2,0.077,12.0,23.0,0.99735,3.14,0.81,12.3,6
10.3,0.915,0.03,4.0,0.081,5.0,82.0,0.99182,3.4,0.66,10.8,5
11.3,0.725,0.21,2.2,0.08,12.0,142.0,0.9955,3.58,0.64,11.1,4
12.1,0.67,0.02,2.4,0.072,24.0,39.0,0.997,3.26,0.58,9.2,6
6.7,0.67,0.0,1.4,0.06,8.0,12.0,0.9993,3.08,0.71,10.5,4
8.5,0.55,0.76,2.4,0.063,7.0,47.0,0.99584,3.3,1.31,12.6,5
8.9,0.62,0.17,3.0,0.063,14.0,32.0,0.9985,3.68,0.72,11.5,5
5.2,0.63,0.46,2.1,0.054,30.0,39.0,0.9983,3.2,0.81,9.1,6
8.9,0.32,0.04,6.6,0.097,9.0,14.0,0.99258,3.4,0.56,9.4,5
9.9,0.52,0.57,2.5,0.143,41.0,55.0,0.99743,3.34,0.55,11.0,6
6.4,0.61,0.31,2.1,0.095,7.0,153.0,0.99318,3.31,0.48,9.2,7
10.0,0.58,0.02,1.4,0.097,9.0,31.0,0.9964,3.17,0.57,14.0,6
12.4,0.46,0.1,1.8,0.095,13.0,86.0,0.99528,3.2,0.84,11.2,6
8.6,0.72,0.63,2.8,0.039,13.0,38.0,0.99702,3.41,0.54,10.5,6
6.5,0.59,0.02,2.2,0.08,19.0,11.0,0.99376,3.23,0.71,9.8,6
7.8,0.63,0.44,2.8,0.091,5.0,39.0,0.9946,3.52,0.76,11.4,5
11.5,0.91,0.22,2.0,0.089,21.0,96.0,0.9974,3.34,0.51,9.8,7
7.9,0.675,0.31,2.7,0.111,3.0,113.0,0.99386,3.39,0.59,10.2,5
6.6,0.45,0.42,2.2,0.058,5.0,42.0,0.99549,3.39,0.53,11.3,5
7.3,0.78,0.44,4.25,0.073,17.0,12.0,0.9949,3.38,0.53,9.6,5
11.9,0.365,0.0,1.4,0.117,6.0,67.0,0.9972,3.14,0.98,9.8,7
7.2,0.51,0.0,1.4,0.116,11.0,134.0,0.9968,3.29,0.68,9.5,5
9.1,0.5,0.55,2.4,0.052,13.0,91.0,0.9993,3.14,0.66,10.4,5
9.6,0.73,0.43,2.0,0.091,19.0,19.0,0.99745,3.39,0.72,10.0,6
8.2,0.705,0.0,2.3,0.077,6.0,80.0,0.9996,3.29,0.67,9.4,5
8.6,0.47,0.34,2.1,0.05,16.0,103.0,0.99628,3.55,0.46,10.6,7
8.5,0.98,0.31,2.5,0.065,7.0,10.0,0.9982,3.2,0.55,12.5,5
5.1,0.16,0.3,3.2,0.089,20.0,13.0,0.99698,3.41,0.66,11.0,5
9.8,0.67,0.55,2.4,0.076,45.0,53.0,0.9971,3.34,0.55,10.7,5
8.1,0.44,0.2,2.7,0.081,18.0,65.0,0.9968,3.28,0.52,9.2,6
6.8,0.27,0.03,1.8,0.072,7.0,9.0,0.9971,3.14,0.6,11.3,6
7.5,0.64,0.38,2.0,0.12,15.0,60.0,0.9976,3.32,0.55,10.9,6
11.9,0.32,0.21,1.5,0.073,29.0,13.0,0.99736,3.28,0.6,10.5,7
6.8,0.55,0.43,3.0,0.083,10.0,91.0,0.9993,3.0,0.64,9.2,6
10.5,0.42,0.22,1.8,0.074,22.0,73.0,0.99603,3.03,0.79,11.0,5
9.8,0.83,0.22,2.2,0.093,7.0,35.0,0.99694,3.25,0.5,9.7,5
9.2,0.52,0.23,2.0,0.07,26.0,56.0,0.99713,3.48,0.42,10.3,6
8.3,0.705,0.18,1.7,0.103,6.0,41.0,0.9973,3.23,0.63,10.2,6
11.6,0.8,0.39,2.4,0.078,19.0,45.0,0.999,3.6,1.31,11.4,5
9.1,0.46,0.27,2.6,0.06,33.0,32.0,0.99318,3.1,1.28,9.2,5
7.3,0.685,0.59,4.3,0.073,16.0,88.0,0.99552,3.15,0.55,11.4,3
12.6,0.58,0.49,1.9,0.092,14.0,70.0,0.99744,3.5,0.82,14.0,4
8.0,0.49,0.11,1.9,0.082,26.0,46.0,0.9958,3.24,0.59,11.7,5
6.3,0.56,0.33,2.3,0.054,20.0,17.0,0.9971,3.38,0.6,10.1,5
7.5,1.07,0.54,2.2,0.049,32.0,23.0,0.9956,3.21,0.81,9.1,6
9.1,0.42,0.0,1.8,0.093,6.0,17.0,0.99788,3.18,0.49,9.9,5
8.9,0.3,0.56,3.3,0.068,10.0,15.0,0.99538,3.17,0.64,10.7,6
5.6,0.7,0.35,1.7,0.097,21.0,28.0,0.99798,3.2,0.69,12.0,6
7.2,0.785,0.0,1.9,0.057,24.0,65.0,0.99479,3.03,0.74,10.1,5
6.8,0.705,0.25,2.0,0.092,11.0,33.0,0.99378,3.52,0.74,9.2,5
10.8,0.665,0.0,1.7,0.07,26.0,52.0,0.9946,3.29,0.53,11.0,5
13.8,0.32,0.0,2.6,0.102,14.0,23.0,0.99416,3.24,0.62,10.4,6
7.5,0.68,0.55,1.5,0.086,17.0,40.0,0.99545,3.47,0.48,10.8,5
11.3,0.37,0.19,2.1,0.083,21.0,13.0,0.998,3.43,0.72,11.5,7
13.5,0.22,0.0,4.8,0.039,5.0,31.0,0.9967,3.33,0.58,9.5,5
6.2,0.47,0.63,2.0,0.079,16.0,18.0,0.99575,3.44,0.57,11.8,7
7.2,0.75,0.48,1.8,0.117,46.0,39.0,0.9948,3.36,0.6,10.2,5
7.5,0.68,0.38,1.7,0.086,12.0,6.0,0.9974,3.02,0.79,9.7,6
8.7,0.39,0.36,2.1,0.069,53.0,63.0,0.9942,3.28,0.54,10.7,5
12.8,0.38,0.53,2.1,0.107,6.0,113.0,0.99484,3.45,0.54,9.8,5
6.4,0.51,0.01,1.8,0.106,6.0,57.0,0.99676,3.15,0.68,9.05,6
8.0,0.54,0.66,2.0,0.089,21.0,19.0,0.9964,3.32,0.53,12.8,6
6.4,0.5,0.22,2.6,0.088,6.0,52.0,0.9963,3.37,0.63,10.2,5
7.3,0.36,0.03,1.8,0.07,3.0,18.0,0.9973,3.13,0.64,9.9,6
8.3,0.37,0.0,1.9,0.108,8.0,47.0,0.99586,3.28,0.51,9.6,5
9.7,0.31,0.27,2.6,0.07,25.0,70.0,1.0032,3.2,0.61,10.0,7
9.1,0.49,0.0,2.3,0.093,17.0,16.0,0.99798,3.39,0.7,11.7,5
8.5,0.6,0.61,1.7,0.088,3.0,26.0,0.99675,3.34,0.58,10.9,5
10.1,0.4,0.33,5.2,0.068,21.0,134.0,0.99724,3.12,0.67,10.5,6
8.9,0.735,0.22,6.4,0.092,18.0,9.0,0.99516,3.56,0.62,12.6,5
7.4,0.57,0.59,2.1,0.074,10.0,30.0,0.9972,3.04,0.61,9.7,5
7.3,0.44,0.09,2.5,0.071,41.0,32.0,0.9902,3.05,0.57,11.0,4
6.4,0.23,0.55,2.2,0.092,4.0,21.0,0.9968,3.52,0.51,10.0,5
10.1,0.52,0.34,2.1,0.122,18.0,95.0,0.99502,2.88,0.65,9.5,5
9.9,0.875,0.5,1.2,0.082,20.0,12.0,0.99499,3.2,0.65,10.9,5
8.6,0.57,0.02,1.8,0.066,23.0,66.0,0.9978,3.36,0.66,9.8,7
6.5,0.5,0.0,1.4,0.072,32.0,15.0,0.998,3.23,0.5,11.2,5
11.6,0.63,0.1,1.7,0.063,7.0,55.0,0.9958,3.36,0.52,9.6,7
6.5,0.51,0.11,1.8,0.073,6.0,23.0,0.9986,3.26,0.48,9.3,5
10.5,0.51,0.4,2.5,0.075,6.0,13.0,0.999,3.53,0.46,9.1,5
12.0,0.665,0.73,2.2,0.086,3.0,102.0,0.9934,3.08,0.51,9.0,6
9.4,0.42,0.45,2.1,0.075,5.0,31.0,0.99356,3.3,0.4,9.8,5
6.1,0.5,0.58,2.0,0.088,15.0,22.0,0.9979,3.34,0.6,9.9,6
6.8,0.43,0.54,2.8,0.097,17.0,77.0,0.9953,3.11,0.53,10.7,6
6.6,0.42,0.12,2.8,0.116,6.0,53.0,0.99588,3.42,0.53,9.5,5
7.1,0.5,0.21,4.0,0.058,28.0,67.0,0.99385,2.88,0.8,9.9,6
9.4,0.9,0.37,1.6,0.083,4.0,75.0,0.9983,3.27,0.56,11.3,6
8.5,0.37,0.08,8.8,0.072,30.0,86.0,0.9964,3.2,0.54,9.5,6
8.3,0.55,0.52,2.7,0.058,3.0,18.0,0.99638,3.22,0.64,9.6,6
10.1,0.49,0.54,5.6,0.044,25.0,95.0,0.997,3.27,0.79,10.0,5
7.4,0.96,0.79,2.2,0.088,26.0,47.0,0.9942,3.38,0.58,9.5,5
10.9,0.585,0.26,2.2,0.084,6.0,98.0,0.99748,3.4,0.87,9.7,5
8.2,0.64,0.22,2.9,0.09,9.0,26.0,0.9944,3.43,0.53,12.0,5
8.5,0.32,0.0,2.5,0.074,20.0,13.0,0.99709,3.38,0.44,9.5,5
7.6,0.41,0.55,2.5,0.094,6.0,21.0,0.9978,3.32,0.93,9.4,6
7.4,0.56,0.6,2.2,0.104,13.0,48.0,0.99358,3.26,0.47,9.3,5
5.2,0.53,0.59,2.2,0.083,42.0,49.0,0.99328,3.29,0.62,9.7,5
7.5,0.57,0.17,4.1,0.084,16.0,12.0,0.9993,3.15,0.69,9.5,6
9.3,0.785,0.4,2.3,0.084,5.0,42.0,0.9998,3.35,0.66,11.3,6
7.0,0.29,0.49,2.0,0.065,3.0,24.0,0.996,3.44,0.85,10.0,6
8.3,0.5,0.3,2.1,0.062,30.0,98.0,0.99531,3.23,0.59,10.3,6
8.2,0.665,0.0,1.8,0.059,14.0,11.0,0.9984,3.43,0.58,9.8,6
9.5,0.725,0.46,2.2,0.078,21.0,40.0,0.9955,3.24,0.72,12.1,4
6.6,0.5,0.15,1.9,0.067,18.0,92.0,1.00369,3.17,0.48,10.9,7
8.1,0.78,0.09,4.0,0.067,6.0,34.0,0.995,3.16,0.63,10.4,6
8.2,0.4,0.41,9.0,0.085,14.0,13.0,0.99678,3.16,0.59,9.5,5
8.8,0.75,0.1,3.4,0.066,9.0,15.0,1.0001,3.28,0.5,11.2,6
7.1,0.28,0.27,5.5,0.098,19.0,65.0,0.99531,3.78,0.65,12.0,5
9.7,0.57,0.06,1.2,0.067,6.0,29.0,1.0002,3.35,0.49,9.0,5
7.8,0.715,0.55,2.0,0.082,26.0,25.0,0.9958,3.18,0.5,9.8,6
6.6,0.77,0.49,7.8,0.075,6.0,11.0,0.99746,3.36,0.7,11.1,5
12.4,0.62,0.39,1.9,0.061,9.0,81.0,0.99551,3.34,0.67,10.8,5
9.4,0.43,0.03,1.5,0.157,6.0,27.0,0.99735,2.94,0.55,9.3,6
11.1,0.56,0.32,1.4,0.096,29.0,102.0,0.9987,3.54,0.58,9.5,5
7.5,0.3,0.49,1.8,0.05,41.0,115.0,0.99578,3.23,0.76,10.4,5
8.6,0.37,0.49,1.9,0.082,6.0,11.0,0.99471,3.53,0.6,10.9,6
7.4,0.45,0.47,2.3,0.075,9.0,29.0,0.99514,3.0,0.46,10.5,6
7.2,0.27,0.36,1.7,0.083,4.0,39.0,0.99546,3.3,0.62,11.2,6
7.4,0.31,0.38,2.2,0.086,3.0,11.0,0.99464,3.69,0.83,9.2,6
11.6,0.78,0.23,2.5,0.092,52.0,33.0,0.9976,3.13,0.67,9.5,7
9.2,0.44,0.44,1.8,0.078,9.0,31.0,0.9935,3.31,0.81,12.0,5
10.3,0.58,0.0,6.0,0.07,28.0,111.0,0.99538,3.5,0.68,11.3,7
6.1,0.765,0.02,1.6,0.097,21.0,21.0,0.99623,3.22,0.77,10.0,5
6.8,0.56,0.1,2.8,0.069,15.0,57.0,0.99652,3.36,0.79,10.7,4
11.0,0.78,0.47,2.2,0.082,16.0,18.0,0.9973,3.38,0.84,9.2,6
9.1,0.38,0.2,2.1,0.082,7.0,80.0,0.9959,2.92,0.65,10.3,5
8.9,0.64,0.11,6.2,0.071,13.0,44.0,0.9997,3.29,0.57,12.3,5
6.4,0.37,0.29,2.3,0.075,43.0,45.0,0.99748,3.59,0.65,12.9,4
11.9,0.5,0.0,2.2,0.044,6.0,55.0,0.9984,3.29,0.77,9.6,6
10.6,0.4,0.49,2.0,0.077,3.0,22.0,0.99478,3.2,0.4,14.9,6
7.8,0.45,0.29,2.1,0.08,5.0,45.0,0.99358,3.06,0.73,9.7,5
8.2,0.53,0.09,2.7,0.117,33.0,24.0,0.99655,3.27,0.59,12.4,6
12.0,0.52,0.41,2.0,0.07,4.0,98.0,0.99494,2.94,0.65,9.2,5
7.7,0.28,0.02,2.3,0.063,12.0,25.0,0.9967,3.32,0.62,11.2,6
8.1,0.37,0.38,1.8,0.091,11.0,38.0,0.99736,3.1,0.61,10.7,5
10.2,0.57,0.38,3.0,0.076,29.0,14.0,0.9962,3.42,0.52,11.8,5
9.9,0.54,0.26,3.9,0.062,11.0,26.0,0.99745,3.23,0.71,9.8,5
11.3,0.38,0.03,2.3,0.111,13.0,41.0,0.9994,3.6,0.95,9.4,5
10.7,0.88,0.08,1.9,0.123,35.0,32.0,0.99713,3.13,0.77,10.5,6
9.3,0.56,0.0,1.8,0.078,23.0,12.0,0.99514,3.5,0.75,12.5,5
10.3,0.3,0.4,2.1,0.09,10.0,61.0,0.9962,3.29,0.42,9.1,5
8.4,0.47,0.06,2.1,0.05,8.0,47.0,1.0002,3.17,0.56,10.8,5
8.1,0.54,0.26,1.6,0.078,11.0,34.0,0.9958,3.32,0.73,12.0,5
5.9,0.52,0.37,2.0,0.086,5.0,79.0,0.99495,3.33,0.72,9.2,6
7.1,0.45,0.32,2.3,0.067,24.0,16.0,0.999,3.23,0.61,9.6,6
6.9,0.54,0.4,2.3,0.076,4.0,86.0,0.9972,3.3,0.88,11.9,6
7.3,0.645,0.14,1.8,0.094,31.0,53.0,0.99444,3.17,0.56,9.8,7
5.1,0.64,0.06,2.0,0.095,12.0,22.0,0.9963,3.38,0.55,11.3,6
6.6,0.64,0.02,2.5,0.063,17.0,42.0,0.99486,3.33,0.53,9.1,5
8.9,0.92,0.44,2.0,0.089,10.0,119.0,0.99588,3.3,0.66,9.8,8
7.3,0.86,0.23,2.2,0.076,23.0,102.0,0.9968,3.28,0.6,9.8,5
7.0,0.31,0.27,2.5,0.074,5.0,64.0,0.9922,3.24,0.57,12.5,7
6.1,0.57,0.35,3.2,0.081,19.0,30.0,1.0,3.37,0.67,11.8,6
8.2,0.61,0.01,2.5,0.095,26.0,28.0,0.9982,3.54,0.61,9.5,5
7.7,0.5,0.55,2.0,0.104,6.0,11.0,0.9951,3.16,0.57,11.4,6
6.6,0.79,0.37,2.6,0.062,18.0,16.0,0.9971,3.15,0.49,9.5,5
7.2,0.23,0.04,2.2,0.098,7.0,28.0,0.9978,3.01,0.62,11.0,5
7.6,0.25,0.27,1.9,0.091,12.0,46.0,0.9968,3.19,0.48,9.1,6
7.4,0.19,0.03,3.4,0.084,5.0,6.0,0.99576,3.38,0.9,9.4,4
8.8,0.38,0.26,1.9,0.216,5.0,14.0,0.9964,3.47,0.46,9.4,6
6.4,0.685,0.22,1.9,0.065,6.0,34.0,0.99316,3.2,0.5,9.4,6
6.1,1.01,0.74,2.0,0.092,52.0,92.0,0.9959,3.04,0.93,9.3,4
7.9,0.37,0.44,3.4,0.074,11.0,14.0,0.99416,3.11,0.59,12.9,6
7.1,0.62,0.09,2.7,0.112,19.0,45.0,0.99788,3.39,0.51,9.9,5
6.3,0.48,0.02,2.1,0.611,41.0,27.0,0.9994,3.52,0.48,11.8,5
8.5,0.805,0.16,1.4,0.087,19.0,23.0,1.0008,3.42,0.64,11.7,6
7.2,0.23,0.01,2.0,0.096,6.0,28.0,0.99974,3.38,0.7,11.2,6
13.5,0.795,0.34,2.2,0.121,13.0,115.0,0.99464,3.14,0.68,9.8,5
11.5,0.4,0.21,2.4,0.067,7.0,29.0,0.99551,3.52,0.62,11.0,6
8.2,0.37,0.42,2.1,0.068,3.0,15.0,0.9986,3.44,0.73,10.3,4
7.9,0.34,0.39,1.4,0.096,7.0,53.0,0.99587,3.47,0.91,11.4,6
9.1,0.49,0.0,1.9,0.041,7.0,35.0,0.9946,3.46,0.55,9.7,6
9.8,0.66,0.44,2.0,0.157,6.0,30.0,0.9964,3.26,0.55,10.1,5
7.5,0.42,0.68,1.2,0.104,14.0,15.0,0.9972,3.38,0.66,9.7,6
5.0,0.38,0.18,2.5,0.069,16.0,27.0,0.99616,3.52,0.53,11.0,6
6.8,0.44,0.02,2.0,0.076,15.0,38.0,0.99418,3.3,0.58,9.6,8
11.5,0.67,0.0,2.3,0.067,21.0,46.0,0.99965,3.41,0.46,13.0,6
8.2,0.51,0.54,2.3,0.153,27.0,102.0,0.9976,3.15,0.81,9.5,4
9.1,0.39,0.18,1.9,0.082,17.0,43.0,0.99634,3.35,1.09,9.4,6
7.5,0.5,0.29,2.3,0.084,11.0,38.0,0.99803,3.27,0.52,9.2,5
7.7,0.35,0.01,1.7,0.046,7.0,46.0,0.99655,3.39,0.73,10.2,5
7.7,0.975,0.13,1.8,0.093,14.0,147.0,1.00289,3.6,0.62,9.5,6
7.6,0.64,0.4,2.3,0.083,27.0,94.0,0.9956,3.53,0.52,9.4,6
7.4,0.59,0.46,2.3,0.081,28.0,11.0,0.99756,3.29,0.75,10.1,6
7.6,0.22,0.19,2.6,0.101,6.0,44.0,0.99541,3.3,0.47,10.3,5
6.6,0.55,0.06,2.4,0.066,26.0,18.0,0.9942,3.38,0.48,10.2,6
11.9,0.5,0.49,1.6,0.084,16.0,103.0,0.997,3.18,0.62,9.8,7
9.8,0.77,0.43,2.6,0.048,3.0,98.0,0.99704,3.18,0.73,11.0,5
8.7,0.74,0.08,1.6,0.068,22.0,65.0,0.9976,3.32,0.53,9.5,5
6.4,0.4,0.11,2.0,0.114,6.0,41.0,0.9983,3.26,0.72,10.2,5
9.8,0.705,0.08,2.1,0.054,55.0,19.0,0.9902,3.4,0.59,9.4,5
7.7,0.5,0.26,2.6,0.07,18.0,53.0,0.99572,3.18,0.63,9.9,5
7.4,0.53,0.3,1.9,0.071,9.0,121.0,0.99484,3.14,0.63,12.0,5
7.1,0.59,0.0,2.0,0.067,27.0,49.0,0.9951,3.33,0.62,11.2,6
7.7,0.61,0.66,2.0,0.082,5.0,55.0,0.9997,3.46,0.63,10.7,5
8.3,0.49,0.08,1.6,0.076,5.0,43.0,0.99604,3.3,0.47,9.3,5
7.1,0.41,0.21,2.3,0.075,29.0,49.0,0.9966,3.39,1.08,9.6,7
6.4,0.615,0.03,1.5,0.082,19.0,89.0,0.99659,3.15,0.7,11.7,6
6.6,0.605,0.44,2.4,0.072,12.0,144.0,0.9978,3.43,0.94,10.5,5
7.7,1.24,0.0,7.2,0.122,10.0,16.0,0.99855,3.22,0.63,9.3,7
13.2,0.6,0.0,2.0,0.213,3.0,14.0,0.99341,3.06,0.61,12.1,5
6.7,0.42,0.33,2.4,0.073,23.0,74.0,0.997,3.21,0.73,9.0,7
9.0,0.575,0.53,2.4,0.074,5.0,24.0,0.9993,3.29,0.67,11.8,6
7.6,0.24,0.42,2.6,0.077,14.0,19.0,0.99526,3.15,0.53,9.1,5
6.6,0.54,0.12,1.6,0.097,12.0,50.0,0.9971,3.16,0.63,12.8,7
7.2,0.66,0.08,2.6,0.096,16.0,15.0,0.99782,3.31,0.64,14.0,6
7.3,0.37,0.26,1.8,0.088,31.0,46.0,0.99514,3.46,0.57,9.2,5
6.4,0.59,0.49,1.8,0.071,19.0,33.0,0.99735,3.68,0.67,9.5,3
7.8,0.42,0.18,2.2,0.08,11.0,25.0,0.9964,3.16,0.6,9.5,7
9.1,0.74,0.52,1.8,0.078,15.0,32.0,0.9995,3.12,0.53,10.5,7
15.6,0.44,0.49,3.2,0.059,15.0,44.0,0.9966,2.87,0.56,11.6,6
9.2,0.64,0.5,2.2,0.066,5.0,65.0,0.9967,3.1,0.86,9.6,6
7.2,0.5,0.62,2.2,0.09,6.0,43.0,0.99616,3.31,0.52,9.8,5
7.8,0.655,0.1,3.6,0.066,15.0,23.0,0.997,3.44,0.68,12.1,5
9.8,0.6,0.42,2.2,0.06,12.0,47.0,0.9996,3.38,0.53,9.1,6
10.8,0.33,0.3,2.4,0.086,11.0,86.0,0.9943,3.24,0.44,12.5,6
6.6,0.49,0.1,5.2,0.082,33.0,42.0,0.99514,3.19,0.57,11.1,5
7.5,0.36,0.0,2.8,0.06,5.0,38.0,0.99654,3.32,0.58,9.6,6
12.0,0.645,0.14,6.1,0.068,9.0,113.0,0.9973,3.39,0.97,11.7,7
9.7,0.6,0.5,3.65,0.083,5.0,12.0,0.99479,3.44,0.58,9.56666666666667,5
9.3,0.66,0.42,1.8,0.069,33.0,100.0,0.997,3.27,0.53,11.4,5
7.4,0.4,0.34,2.2,0.111,5.0,74.0,0.997,3.31,0.72,11.5,6
11.5,0.36,0.01,2.5,0.078,37.0,47.0,0.99488,3.11,0.52,10.5,6
8.8,0.58,0.31,2.4,0.054,26.0,30.0,0.9965,3.16,1.17,10.5,6
9.3,0.84,0.28,2.4,0.078,6.0,46.0,0.99522,3.58,0.66,10.9,5
7.1,0.83,0.18,3.4,0.058,28.0,9.0,0.998,3.26,0.66,10.4,6
6.6,0.62,0.03,2.15,0.086,10.0,89.0,1.0032,3.25,0.76,10.5,8
6.9,0.695,0.46,1.9,0.103,5.0,27.0,0.9974,3.18,0.96,10.5,5
7.2,0.68,0.45,3.3,0.095,7.0,14.0,1.0008,3.19,0.63,11.7,6
7.2,0.32,0.0,1.7,0.079,22.0,74.0,0.99258,3.18,0.74,12.8,5
6.3,0.83,0.59,1.7,0.071,16.0,20.0,0.99682,3.24,1.08,9.8,4
7.7,0.47,0.03,2.3,0.083,31.0,37.0,0.9972,3.16,0.37,10.9,5
8.6,0.6,0.18,2.4,0.093,5.0,46.0,0.99783,3.21,0.42,9.2,7
8.1,0.31,0.0,3.2,0.061,22.0,64.0,0.99616,3.48,0.65,9.4,7
6.7,0.51,0.7,2.1,0.084,15.0,13.0,0.994,3.2,0.58,10.1,5
7.8,0.4,0.4,2.1,0.076,7.0,45.0,0.9961,3.58,0.47,9.4,6
8.7,0.735,0.51,2.3,0.078,6.0,17.0,0.99438,3.31,0.54,11.5,6
6.7,0.44,0.06,2.9,0.073,20.0,18.0,0.998,3.08,1.01,11.9,5
6.3,0.48,0.07,2.4,0.343,12.0,89.0,0.9975,3.17,0.52,10.5,5
9.5,0.49,0.49,2.2,0.092,18.0,149.0,0.99834,3.3,0.78,12.7,5
7.7,0.39,0.0,1.6,0.07,31.0,27.0,0.99336,3.31,0.93,12.5,5
11.2,0.33,0.37,1.6,0.25,41.0,42.0,0.99471,3.21,0.85,12.1,6
8.8,0.28,0.44,2.0,0.097,23.0,29.0,0.99578,3.35,0.64,9.9,6
10.4,0.45,0.43,2.5,0.058,6.0,13.0,0.9969,3.2,0.82,11.0,5
7.4,0.4,0.0,2.5,0.171,10.0,14.0,0.9971,3.28,0.42,9.8,5
10.0,0.49,0.43,5.5,0.097,6.0,72.0,0.99632,3.45,0.65,10.0,5
8.5,0.46,0.58,3.9,0.092,25.0,24.0,0.9955,3.15,0.58,9.7,4
12.3,0.6,0.75,1.6,0.06,4.0,29.0,0.9986,3.38,0.58,9.0,5
7.1,0.91,0.68,3.4,0.091,17.0,52.0,0.99625,3.15,0.56,12.7,6
9.3,0.86,0.5,2.1,0.079,12.0,52.0,0.99258,3.32,0.56,12.1,6
11.9,0.54,0.49,2.3,0.08,12.0,74.0,1.0014,3.53,0.78,9.9,7
7.0,0.18,0.63,2.3,0.1,26.0,17.0,0.9947,3.16,0.84,9.8,6
7.8,0.765,0.34,2.5,0.082,5.0,14.0,0.99622,3.18,0.64,9.5,7
7.8,0.915,0.19,6.1,0.088,23.0,37.0,0.9996,3.35,0.71,10.0,4
10.2,0.51,0.4,3.0,0.074,17.0,34.0,0.9981,3.19,0.58,9.7,5
8.4,1.04,0.71,1.9,0.084,9.0,47.0,0.99486,3.56,0.67,11.6,7
9.0,0.41,0.12,3.6,0.078,14.0,99.0,0.99565,3.49,0.74,10.2,7
9.6,0.59,0.11,2.8,0.073,42.0,55.0,0.9979,3.42,0.62,10.5,5
9.0,0.69,0.22,1.7,0.044,13.0,43.0,0.9943,3.3,0.59,11.1,5
9.8,0.29,0.2,2.6,0.063,6.0,15.0,0.99358,3.48,0.73,10.5,6
7.1,0.18,0.09,2.0,0.091,7.0,40.0,0.9974,3.44,0.96,10.0,5
9.8,0.58,0.26,2.1,0.065,29.0,18.0,0.999,3.29,0.65,10.7,6
10.5,0.39,0.04,2.3,0.077,18.0,85.0,0.9991,3.62,0.64,10.1,5
9.3,0.66,0.21,2.5,0.214,22.0,105.0,0.9955,3.28,0.86,9.4,5
7.9,0.645,0.57,2.1,0.084,3.0,23.0,0.9962,3.41,0.52,12.5,5
11.8,0.65,0.37,2.9,0.09,8.0,10.0,0.99332,3.36,0.53,10.4,5
7.7,0.3,0.38,2.8,0.082,34.0,106.0,0.9974,3.33,0.66,9.05,5
6.6,0.69,0.43,2.4,0.132,17.0,46.0,0.9984,3.2,0.66,11.5,6
7.1,0.605,0.43,2.7,0.132,11.0,9.0,0.99727,3.2,0.67,9.8,5
6.7,0.575,0.4,1.6,0.081,6.0,20.0,0.9984,3.38,0.97,12.5,5
7.2,0.67,0.24,2.3,0.067,19.0,15.0,0.9978,3.12,0.54,12.3,6
9.2,0.67,0.55,2.3,0.044,17.0,23.0,0.9998,3.42,0.6,9.2,5
10.0,0.33,0.44,2.6,0.067,8.0,18.0,0.99685,3.34,0.63,10.1,5
6.9,1.01,0.0,1.9,0.102,10.0,11.0,0.99518,3.5,0.53,10.1,6
8.5,0.5,0.27,1.9,0.086,3.0,37.0,0.99834,3.26,0.66,9.5,5
9.2,0.61,0.76,3.0,0.082,21.0,86.0,0.997,3.26,0.52,9.8,5
9.5,1.01,0.05,2.0,0.085,18.0,88.0,0.99387,3.48,0.56,10.2,5
6.2,0.675,0.18,3.1,0.071,35.0,24.0,0.9974,3.28,0.58,10.1,5
12.4,0.58,0.06,2.6,0.117,8.0,52.0,0.99668,3.41,0.66,10.8,5
6.0,0.53,0.36,3.6,0.079,26.0,60.0,0.9979,3.26,0.51,10.5,6
13.3,0.32,0.34,1.8,0.076,9.0,113.0,0.99576,3.17,0.55,10.4,5
6.2,0.66,0.24,2.0,0.083,9.0,30.0,0.9982,3.28,1.18,9.2,6
9.8,0.43,0.18,2.6,0.1,18.0,39.0,0.9979,3.2,0.55,12.5,4
8.0,0.38,0.5,2.6,0.083,28.0,69.0,0.99823,3.26,0.82,12.7,5
6.2,0.57,0.0,7.8,0.077,12.0,12.0,0.9979,3.69,0.5,11.0,4
6.9,0.62,0.16,2.6,0.084,26.0,61.0,0.99636,3.31,0.78,9.0,7
10.8,0.36,0.56,2.1,0.083,5.0,55.0,0.9952,3.14,0.59,9.7,6
7.2,0.755,0.38,2.7,0.102,28.0,56.0,1.0001,3.4,0.56,11.3,6
7.4,0.23,0.12,1.9,0.012,5.0,16.0,0.99084,3.13,0.62,10.2,7
8.2,0.44,0.0,2.2,0.086,16.0,19.0,0.9953,3.42,0.55,10.2,6
8.2,0.44,0.0,2.15,0.05,3.0,60.0,0.99341,3.28,0.79,11.2,5
13.2,0.39,0.01,4.2,0.039,18.0,27.0,0.99479,3.23,0.44,9.3,5
10.0,0.53,0.16,1.8,0.082,6.0,130.0,0.9981,3.08,0.65,12.9,6
7.8,0.5,0.39,2.7,0.087,13.0,29.0,0.9967,3.27,0.69,10.1,6
5.5,0.6,0.27,6.4,0.064,11.0,17.0,0.99939,3.28,0.83,13.0,5
10.2,0.44,0.63,7.2,0.059,16.0,51.0,0.99733,3.02,0.61,9.7,6
7.8,0.58,0.02,2.3,0.084,34.0,63.0,0.99658,3.43,0.82,9.6,6
7.0,0.67,0.33,2.6,0.074,11.0,52.0,0.9981,3.22,0.64,11.2,6
8.5,0.37,0.46,2.3,0.084,10.0,86.0,0.99402,3.06,0.49,12.6,5
8.9,0.38,0.64,1.6,0.085,3.0,39.0,0.99416,3.34,0.68,10.2,6
8.2,0.57,0.24,3.3,0.08,6.0,80.0,0.99712,3.42,0.94,10.8,6
8.2,0.715,0.29,2.3,0.101,10.0,84.0,0.99569,3.21,0.89,9.5,3
6.2,0.25,0.16,1.8,0.079,13.0,11.0,0.99476,3.42,0.66,9.4,5
7.1,0.54,0.24,2.5,0.1,10.0,47.0,0.9959,3.4,0.56,9.6,7
5.4,0.58,0.13,2.1,0.157,22.0,43.0,0.9947,3.36,0.83,10.4,7
12.8,0.43,0.09,1.8,0.067,20.0,9.0,0.9976,3.38,0.51,10.7,6
6.2,0.63,0.31,2.3,0.059,12.0,49.0,0.99568,3.15,0.52,11.0,5
5.6,0.42,0.41,1.9,0.114,12.0,29.0,0.99528,3.16,0.55,9.4,4
7.1,0.59,0.49,1.7,0.089,6.0,24.0,0.9988,3.04,0.54,10.2,6
6.9,0.5,0.03,1.8,0.078,7.0,13.0,0.9968,3.44,0.64,10.1,6
7.6,0.45,0.53,2.8,0.097,24.0,73.0,0.99592,3.12,0.76,11.8,5
6.0,0.47,0.18,2.0,0.105,10.0,30.0,0.9958,3.29,0.68,12.8,6
6.9,0.34,0.02,1.8,0.095,31.0,86.0,0.99636,3.46,0.6,9.4,5
7.3,0.59,0.0,10.7,0.114,5.0,12.0,0.9946,3.25,0.65,9.7,6
7.3,0.53,0.0,2.9,0.059,9.0,102.0,0.99346,3.54,0.62,9.1,5
6.9,0.28,0.08,1.7,0.064,20.0,42.0,0.9979,3.2,0.51,9.6,3
8.5,0.57,0.33,2.9,0.118,9.0,85.0,0.9955,3.36,0.66,9.7,6
8.3,0.36,0.52,2.1,0.104,4.0,14.0,0.99639,3.17,0.54,9.7,5
12.1,0.53,0.31,2.3,0.09,14.0,74.0,0.9988,3.35,0.66,9.3,6
7.8,0.29,0.0,3.0,0.075,18.0,68.0,0.99521,3.5,0.68,12.5,6
6.6,0.34,0.37,3.2,0.097,22.0,153.0,0.9996,3.26,0.95,9.6,5
7.1,0.725,0.62,5.9,0.076,4.0,101.0,0.99939,3.22,0.46,10.5,7
15.9,0.31,0.0,1.9,0.081,18.0,10.0,0.9934,3.25,0.76,9.9,5
9.9,0.56,0.02,3.4,0.072,9.0,50.0,0.9997,3.24,0.82,10.3,5
6.0,0.45,0.34,2.2,0.084,15.0,13.0,0.99915,3.44,0.72,9.7,5
7.4,0.63,0.13,2.2,0.083,34.0,26.0,0.99587,3.18,0.62,10.75,6
10.6,0.71,0.39,2.3,0.064,15.0,49.0,0.9966,3.3,0.54,9.4,7
7.7,0.59,0.18,2.1,0.056,13.0,92.0,0.99577,3.2,0.91,11.8,6
9.0,0.64,0.18,2.5,0.07,6.0,21.0,0.9969,3.35,0.54,9.3,5
6.6,0.26,0.35,2.4,0.076,24.0,145.0,0.9979,3.36,0.59,9.8,6
7.4,0.64,0.22,2.15,0.114,27.0,27.0,0.9976,3.24,0.74,10.0,5
6.7,0.4,0.33,2.0,0.08,13.0,72.0,0.9928,3.39,0.66,10.4,5
8.4,0.37,0.27,2.0,0.058,17.0,13.0,0.9982,3.27,0.53,9.4,6
7.4,0.69,0.0,1.9,0.088,9.0,14.0,0.99718,3.51,0.54,10.2,5
7.4,0.52,0.12,6.4,0.067,11.0,29.0,0.9967,3.3,0.72,9.6,6
8.6,0.25,0.39,1.8,0.075,34.0,98.0,0.9958,3.18,0.57,10.0,5
8.2,0.39,0.48,5.1,0.061,57.0,27.0,0.9957,3.48,0.59,10.7,5
12.5,0.6,0.49,1.8,0.076,9.0,29.0,0.997,3.43,0.7,11.2,5
8.0,0.36,0.51,1.7,0.079,14.0,37.0,0.99638,3.18,0.48,8.8,5
6.4,0.58,0.48,1.3,0.053,3.0,14.0,0.99419,3.34,0.85,11.7,6
6.4,0.585,0.55,2.3,0.068,18.0,81.0,0.99745,3.41,0.61,10.2,6
7.5,0.56,0.0,2.5,0.079,6.0,22.0,0.99939,3.58,0.68,10.2,6
7.3,0.53,0.1,3.6,0.08,9.0,52.0,0.9955,3.1,0.71,11.2,5
8.2,0.56,0.09,1.6,0.068,34.0,36.0,0.99658,3.56,0.55,9.9,7
8.7,0.32,0.26,1.8,0.081,6.0,10.0,0.99782,3.0,0.45,10.5,6
11.2,0.705,0.07,4.3,0.067,6.0,16.0,0.9984,3.45,0.53,12.8,6
7.8,0.41,0.0,1.8,0.08,15.0,14.0,0.9966,3.37,0.68,11.5,6
6.3,0.34,0.45,2.9,0.058,24.0,30.0,0.9972,3.4,0.7,13.6,5
8.8,0.72,0.26,5.6,0.098,30.0,153.0,0.99565,3.24,0.61,10.7,6
7.9,0.51,0.08,2.2,0.073,16.0,143.0,0.9969,3.37,0.51,10.9,5
7.2,0.44,0.03,2.5,0.078,12.0,133.0,0.99157,3.31,0.85,10.5,5
7.3,0.43,0.53,2.4,0.146,9.0,71.0,0.99655,2.99,0.5,10.5,6
9.1,0.29,0.47,1.7,0.074,14.0,109.0,0.9936,3.36,0.53,9.8,6
7.8,0.875,0.02,2.3,0.066,5.0,20.0,0.99708,3.14,0.58,9.7,7
8.0,0.86,0.0,2.1,0.216,12.0,75.0,0.99603,3.3,0.62,9.7,5
10.9,0.51,0.31,2.1,0.076,13.0,54.0,0.99832,3.34,0.49,9.4,6
7.7,0.58,0.49,2.1,0.093,36.0,49.0,0.99735,3.23,0.53,9.5,5
6.8,0.44,0.2,1.9,0.074,3.0,85.0,0.9985,3.4,0.78,11.9,5
11.0,0.43,0.22,2.5,0.091,18.0,90.0,0.997,3.43,0.59,10.3,6
8.5,0.29,0.02,2.5,0.065,36.0,152.0,0.99918,3.29,0.69,11.6,6
7.7,0.935,0.11,1.8,0.077,23.0,6.0,0.99801,3.2,1.28,10.1,7
7.3,0.59,0.0,2.8,0.112,18.0,77.0,0.99444,3.11,0.48,12.8,6
8.6,1.01,0.27,1.9,0.112,11.0,41.0,0.99258,3.38,1.08,9.2,7
11.6,0.57,0.04,2.7,0.104,12.0,15.0,0.99346,3.33,0.7,11.8,7
7.9,0.61,0.24,1.9,0.074,24.0,22.0,0.99585,2.95,0.54,12.0,6
9.1,0.42,0.52,2.2,0.081,19.0,42.0,0.99754,3.33,0.61,9.8,7
7.6,0.32,0.36,2.8,0.122,11.0,24.0,0.997,3.14,0.87,10.0,5
7.0,0.34,0.46,2.1,0.083,28.0,29.0,0.9943,3.3,0.72,9.4,6
7.1,0.645,0.12,4.6,0.075,12.0,29.0,0.9997,3.25,0.57,12.0,6
5.8,0.53,0.61,2.4,0.06,23.0,41.0,0.9976,3.17,0.58,11.7,6
7.1,0.56,0.32,2.5,0.071,57.0,13.0,0.99746,3.53,0.59,11.3,4
6.4,0.41,0.03,2.4,0.068,5.0,68.0,0.99397,3.4,0.67,14.0,6
6.5,0.56,0.03,10.7,0.098,14.0,21.0,0.99546,3.31,0.52,10.0,6
6.1,0.4,0.08,2.8,0.077,33.0,39.0,1.0001,3.11,0.63,9.4,6
11.5,0.29,0.22,4.8,0.09,16.0,39.0,0.9986,3.41,0.64,10.4,5
7.1,0.71,0.24,2.8,0.053,18.0,52.0,0.99743,3.52,0.54,12.8,6
9.0,0.56,0.17,2.0,0.092,6.0,58.0,0.99652,3.36,0.57,11.9,7
7.4,0.59,0.51,1.8,0.081,15.0,113.0,0.9986,3.35,0.86,10.0,7
9.8,0.28,0.49,1.9,0.066,15.0,55.0,0.99616,3.32,0.63,10.8,6
6.6,0.5,0.28,2.3,0.077,24.0,77.0,0.9971,3.58,0.54,9.5,6
5.8,0.67,0.32,1.9,0.095,13.0,82.0,0.9976,3.39,0.52,11.5,5
11.5,0.56,0.45,1.8,0.068,26.0,49.0,0.9963,3.38,0.61,11.9,6
8.3,0.3,0.33,1.9,0.157,10.0,20.0,0.9979,3.06,0.63,10.0333333333333,6
10.3,0.32,0.02,3.6,0.068,19.0,61.0,0.99483,3.42,0.44,10.2,8
7.8,0.32,0.49,2.0,0.08,21.0,20.0,0.99358,3.39,0.68,10.8,6
9.3,0.37,0.31,6.6,0.098,15.0,19.0,0.9981,3.43,0.63,12.1,5
