sensor_id,timestamp,temperature_c
SENSOR-001,2026-01-01 00:00:00,20.0
SENSOR-001,2026-01-01 00:01:00,19.686972779353344
SENSOR-001,2026-01-01 00:02:00,19.346729776475843
SENSOR-001,2026-01-01 00:03:00,19.1957033006277
SENSOR-001,2026-01-01 00:04:00,19.24132401202359
SENSOR-001,2026-01-01 00:05:00,19.596699082856784
SENSOR-001,2026-01-01 00:06:00,19.126847251384476
SENSOR-001,2026-01-01 00:07:00,19.004382249318564
SENSOR-001,2026-01-01 00:08:00,18.756193569147364
SENSOR-001,2026-01-01 00:09:00,18.38487865093527
SENSOR-001,2026-01-01 00:10:00,18.144461514465792
SENSOR-001,2026-01-01 00:11:00,18.56325316214723
SENSOR-001,2026-01-01 00:12:00,18.738301825784752
SENSOR-001,2026-01-01 00:13:00,18.9134136853276
SENSOR-001,2026-01-01 00:14:00,19.21445860074366
SENSOR-001,2026-01-01 00:15:00,19.429529326306692
SENSOR-001,2026-01-01 00:16:00,19.620359216142642
SENSOR-001,2026-01-01 00:17:00,20.2540580944472
SENSOR-001,2026-01-01 00:18:00,20.43813600343354
SENSOR-001,2026-01-01 00:19:00,19.542435107320692
SENSOR-001,2026-01-01 00:20:00,19.7662145336952
SENSOR-001,2026-01-01 00:21:00,20.092523029279363
SENSOR-001,2026-01-01 00:22:00,20.2387094891029
SENSOR-001,2026-01-01 00:23:00,20.026859648785766
SENSOR-001,2026-01-01 00:24:00,19.701554202247454
SENSOR-001,2026-01-01 00:25:00,19.745526121144486
SENSOR-001,2026-01-01 00:26:00,19.9835164349717
SENSOR-001,2026-01-01 00:27:00,20.257611237358528
SENSOR-001,2026-01-01 00:28:00,19.654534794121016
SENSOR-001,2026-01-01 00:29:00,19.794132744674318
SENSOR-001,2026-01-01 00:30:00,20.21569842515125
SENSOR-001,2026-01-01 00:31:00,20.43525687616506
SENSOR-001,2026-01-01 00:32:00,21.190144739602832
SENSOR-001,2026-01-01 00:33:00,20.852492040864433
SENSOR-001,2026-01-01 00:34:00,20.38734415235475
SENSOR-001,2026-01-01 00:35:00,20.625524250657172
SENSOR-001,2026-01-01 00:36:00,21.034769429833922
SENSOR-001,2026-01-01 00:37:00,20.61472507488044
SENSOR-001,2026-01-01 00:38:00,20.568076953257304
SENSOR-001,2026-01-01 00:39:00,20.58599191856047
SENSOR-001,2026-01-01 00:40:00,20.659020309348893
SENSOR-001,2026-01-01 00:41:00,20.98714046381606
SENSOR-001,2026-01-01 00:42:00,21.6236285994844
SENSOR-001,2026-01-01 00:43:00,21.282345547273124
SENSOR-001,2026-01-01 00:44:00,21.05695735461325
SENSOR-001,2026-01-01 00:45:00,20.481799529124398
SENSOR-001,2026-01-01 00:46:00,20.676920017755595
SENSOR-001,2026-01-01 00:47:00,20.25685855524909
SENSOR-001,2026-01-01 00:48:00,20.270696448347536
SENSOR-001,2026-01-01 00:49:00,20.388338868473575
SENSOR-001,2026-01-01 00:50:00,20.765441512854032
SENSOR-001,2026-01-01 00:51:00,20.672709487149813
SENSOR-001,2026-01-01 00:52:00,20.45338706770234
SENSOR-001,2026-01-01 00:53:00,20.2083418421665
SENSOR-001,2026-01-01 00:54:00,20.494114568493384
SENSOR-001,2026-01-01 00:55:00,20.3370098045515
SENSOR-001,2026-01-01 00:56:00,20.32079139474538
SENSOR-001,2026-01-01 00:57:00,20.52597732527551
SENSOR-001,2026-01-01 00:58:00,20.87789092067898
SENSOR-001,2026-01-01 00:59:00,21.150412925546625
SENSOR-001,2026-01-01 01:00:00,20.596253228264594
SENSOR-001,2026-01-01 01:01:00,20.19661245390806
SENSOR-001,2026-01-01 01:02:00,20.288411089504255
SENSOR-001,2026-01-01 01:03:00,20.438742622659674
SENSOR-001,2026-01-01 01:04:00,20.48039687659128
SENSOR-001,2026-01-01 01:05:00,20.839264414675213
SENSOR-001,2026-01-01 01:06:00,21.235233525717504
SENSOR-001,2026-01-01 01:07:00,21.08812897586696
SENSOR-001,2026-01-01 01:08:00,21.035388742073618
SENSOR-001,2026-01-01 01:09:00,21.270960043509312
SENSOR-001,2026-01-01 01:10:00,21.41466357800112
SENSOR-001,2026-01-01 01:11:00,20.96038693697021
SENSOR-001,2026-01-01 01:12:00,20.46078308653728
SENSOR-001,2026-01-01 01:13:00,19.86474695569684
SENSOR-001,2026-01-01 01:14:00,19.873333928038015
SENSOR-001,2026-01-01 01:15:00,19.700770234870625
SENSOR-001,2026-01-01 01:16:00,19.517429574087757
SENSOR-001,2026-01-01 01:17:00,19.08554009092489
SENSOR-001,2026-01-01 01:18:00,19.15771862945551
SENSOR-001,2026-01-01 01:19:00,18.769766274415996
SENSOR-001,2026-01-01 01:20:00,18.526188046705002
SENSOR-001,2026-01-01 01:21:00,18.559038738044613
SENSOR-001,2026-01-01 01:22:00,18.84295674711999
SENSOR-001,2026-01-01 01:23:00,18.9645258109901
SENSOR-001,2026-01-01 01:24:00,19.276169842547727
SENSOR-001,2026-01-01 01:25:00,19.323226512656962
SENSOR-001,2026-01-01 01:26:00,19.25530249163575
SENSOR-001,2026-01-01 01:27:00,19.223843685693737
SENSOR-001,2026-01-01 01:28:00,19.018758731179403
SENSOR-001,2026-01-01 01:29:00,19.12018941714769
SENSOR-001,2026-01-01 01:30:00,19.565304200627974
SENSOR-001,2026-01-01 01:31:00,19.829457788751448
SENSOR-001,2026-01-01 01:32:00,20.061585533944488
SENSOR-001,2026-01-01 01:33:00,20.164597124299444
SENSOR-001,2026-01-01 01:34:00,20.212041732131883
SENSOR-001,2026-01-01 01:35:00,20.21512842615074
SENSOR-001,2026-01-01 01:36:00,19.858078906295507
SENSOR-001,2026-01-01 01:37:00,19.522919918691283
SENSOR-001,2026-01-01 01:38:00,19.27435567770533
SENSOR-001,2026-01-01 01:39:00,19.62513975764126
SENSOR-001,2026-01-01 01:40:00,19.46331001839379
SENSOR-001,2026-01-01 01:41:00,19.702526926092247
SENSOR-001,2026-01-01 01:42:00,19.377142919489557
SENSOR-001,2026-01-01 01:43:00,19.348600298441347
SENSOR-001,2026-01-01 01:44:00,19.109356838729592
SENSOR-001,2026-01-01 01:45:00,19.401104410735904
SENSOR-001,2026-01-01 01:46:00,20.052765616906232
SENSOR-001,2026-01-01 01:47:00,19.664045435490486
SENSOR-001,2026-01-01 01:48:00,19.779740607842097
SENSOR-001,2026-01-01 01:49:00,19.543981518580605
SENSOR-001,2026-01-01 01:50:00,19.799587594730394
SENSOR-001,2026-01-01 01:51:00,20.32351506314836
SENSOR-001,2026-01-01 01:52:00,20.126603062038587
SENSOR-001,2026-01-01 01:53:00,20.414156918949057
SENSOR-001,2026-01-01 01:54:00,20.333663466815906
SENSOR-001,2026-01-01 01:55:00,20.076048589667305
SENSOR-001,2026-01-01 01:56:00,19.947532157286105
SENSOR-001,2026-01-01 01:57:00,20.305340038182422
SENSOR-001,2026-01-01 01:58:00,20.403163569703466
SENSOR-001,2026-01-01 01:59:00,20.338899928948315
SENSOR-001,2026-01-01 02:00:00,20.25355923213885
SENSOR-001,2026-01-01 02:01:00,20.039766903818705
SENSOR-001,2026-01-01 02:02:00,20.23550326216379
SENSOR-001,2026-01-01 02:03:00,20.870494511176755
SENSOR-001,2026-01-01 02:04:00,20.73409584821623
SENSOR-001,2026-01-01 02:05:00,20.34545064665035
SENSOR-001,2026-01-01 02:06:00,20.429614374047787
SENSOR-001,2026-01-01 02:07:00,20.552319533494323
SENSOR-001,2026-01-01 02:08:00,20.82946397135566
SENSOR-001,2026-01-01 02:09:00,20.3785272259606
SENSOR-001,2026-01-01 02:10:00,20.432974854621364
SENSOR-001,2026-01-01 02:11:00,20.13178864678465
SENSOR-001,2026-01-01 02:12:00,20.542681052459546
SENSOR-001,2026-01-01 02:13:00,20.72243006449804
SENSOR-001,2026-01-01 02:14:00,20.59431698268591
SENSOR-001,2026-01-01 02:15:00,20.164420689395495
SENSOR-001,2026-01-01 02:16:00,20.734455998079163
SENSOR-001,2026-01-01 02:17:00,20.617988990115787
SENSOR-001,2026-01-01 02:18:00,20.836334676759677
SENSOR-001,2026-01-01 02:19:00,20.16700614123666
SENSOR-001,2026-01-01 02:20:00,20.193450077700223
SENSOR-001,2026-01-01 02:21:00,20.41462343562636
SENSOR-001,2026-01-01 02:22:00,19.712148422468363
SENSOR-001,2026-01-01 02:23:00,19.827276567704985
SENSOR-001,2026-01-01 02:24:00,20.23665747212921
SENSOR-001,2026-01-01 02:25:00,19.763798732068896
SENSOR-001,2026-01-01 02:26:00,19.74975261612878
SENSOR-001,2026-01-01 02:27:00,19.669983727886365
SENSOR-001,2026-01-01 02:28:00,19.512044515797957
SENSOR-001,2026-01-01 02:29:00,19.37076937133405
SENSOR-001,2026-01-01 02:30:00,19.160288026399567
SENSOR-001,2026-01-01 02:31:00,19.009975485608575
SENSOR-001,2026-01-01 02:32:00,19.09012557125108
SENSOR-001,2026-01-01 02:33:00,19.205027693240968
SENSOR-001,2026-01-01 02:34:00,18.876851256697254
SENSOR-001,2026-01-01 02:35:00,18.8055534301005
SENSOR-001,2026-01-01 02:36:00,18.955419306156852
SENSOR-001,2026-01-01 02:37:00,19.424393190958448
SENSOR-001,2026-01-01 02:38:00,19.849950332692377
SENSOR-001,2026-01-01 02:39:00,19.856464348884145
SENSOR-001,2026-01-01 02:40:00,19.905685344344487
SENSOR-001,2026-01-01 02:41:00,19.48407278182635
SENSOR-001,2026-01-01 02:42:00,19.558548850698184
SENSOR-001,2026-01-01 02:43:00,19.02824168685432
SENSOR-001,2026-01-01 02:44:00,19.007957149849844
SENSOR-001,2026-01-01 02:45:00,18.708966378581803
SENSOR-001,2026-01-01 02:46:00,18.606223904010182
SENSOR-001,2026-01-01 02:47:00,18.786655649043094
SENSOR-001,2026-01-01 02:48:00,18.969906912230147
SENSOR-001,2026-01-01 02:49:00,19.453316614503578
SENSOR-001,2026-01-01 02:50:00,19.573604110913223
SENSOR-001,2026-01-01 02:51:00,19.459630929969286
SENSOR-001,2026-01-01 02:52:00,19.705469549197673
SENSOR-001,2026-01-01 02:53:00,19.226714307159845
SENSOR-001,2026-01-01 02:54:00,19.81017810260446
SENSOR-001,2026-01-01 02:55:00,19.17851887491948
SENSOR-001,2026-01-01 02:56:00,19.458047631499806
SENSOR-001,2026-01-01 02:57:00,19.673669662254394
SENSOR-001,2026-01-01 02:58:00,19.52693471628785
SENSOR-001,2026-01-01 02:59:00,19.435932291806736
SENSOR-001,2026-01-01 03:00:00,19.03815128871426
SENSOR-001,2026-01-01 03:01:00,19.163338910675986
SENSOR-001,2026-01-01 03:02:00,19.40628491888944
SENSOR-001,2026-01-01 03:03:00,19.29809667915846
SENSOR-001,2026-01-01 03:04:00,19.49298650839108
SENSOR-001,2026-01-01 03:05:00,19.746148468352242
SENSOR-001,2026-01-01 03:06:00,19.535906278815816
SENSOR-001,2026-01-01 03:07:00,19.83504115532306
SENSOR-001,2026-01-01 03:08:00,19.985536298900815
SENSOR-001,2026-01-01 03:09:00,20.005036457295553
SENSOR-001,2026-01-01 03:10:00,20.232147211033805
SENSOR-001,2026-01-01 03:11:00,20.299042904863217
SENSOR-001,2026-01-01 03:12:00,20.047087928975337
SENSOR-001,2026-01-01 03:13:00,19.844698928917456
SENSOR-001,2026-01-01 03:14:00,19.92383762375426
SENSOR-001,2026-01-01 03:15:00,20.25990762348009
SENSOR-001,2026-01-01 03:16:00,20.283961083440776
SENSOR-001,2026-01-01 03:17:00,20.13346641187224
SENSOR-001,2026-01-01 03:18:00,20.12866889813184
SENSOR-001,2026-01-01 03:19:00,19.758720957721714
SENSOR-001,2026-01-01 03:20:00,20.12235502129727
SENSOR-001,2026-01-01 03:21:00,20.530019630988285
SENSOR-001,2026-01-01 03:22:00,20.972799195895124
SENSOR-001,2026-01-01 03:23:00,21.136830536993426
SENSOR-001,2026-01-01 03:24:00,20.815088256121808
SENSOR-001,2026-01-01 03:25:00,20.688714001269137
SENSOR-001,2026-01-01 03:26:00,20.494793775117966
SENSOR-001,2026-01-01 03:27:00,20.567817197647475
SENSOR-001,2026-01-01 03:28:00,20.90777832444446
SENSOR-001,2026-01-01 03:29:00,20.076179453598193
SENSOR-001,2026-01-01 03:30:00,20.184225229574206
SENSOR-001,2026-01-01 03:31:00,20.23343907215217
SENSOR-001,2026-01-01 03:32:00,20.286819799415646
SENSOR-001,2026-01-01 03:33:00,20.449842943714508
SENSOR-001,2026-01-01 03:34:00,20.137321759747138
SENSOR-001,2026-01-01 03:35:00,20.397327357248653
SENSOR-001,2026-01-01 03:36:00,20.446356538416246
SENSOR-001,2026-01-01 03:37:00,20.33347360174118
SENSOR-001,2026-01-01 03:38:00,20.29886360942711
SENSOR-001,2026-01-01 03:39:00,20.13268639726524
SENSOR-001,2026-01-01 03:40:00,20.139106932505946
SENSOR-001,2026-01-01 03:41:00,20.29213776455533
SENSOR-001,2026-01-01 03:42:00,19.87287496566542
SENSOR-001,2026-01-01 03:43:00,19.775175050435923
SENSOR-001,2026-01-01 03:44:00,19.650796266988515
SENSOR-001,2026-01-01 03:45:00,19.667869927847516
SENSOR-001,2026-01-01 03:46:00,19.609020095100252
SENSOR-001,2026-01-01 03:47:00,19.114718715811026
SENSOR-001,2026-01-01 03:48:00,19.334120251785123
SENSOR-001,2026-01-01 03:49:00,19.74867261396136
SENSOR-001,2026-01-01 03:50:00,19.557632934762776
SENSOR-001,2026-01-01 03:51:00,19.643010796695364
SENSOR-001,2026-01-01 03:52:00,19.4652851349544
SENSOR-001,2026-01-01 03:53:00,19.570400723034776
SENSOR-001,2026-01-01 03:54:00,19.542193736426306
SENSOR-001,2026-01-01 03:55:00,19.907125404676563
SENSOR-001,2026-01-01 03:56:00,19.743111280055526
SENSOR-001,2026-01-01 03:57:00,19.952768703000565
SENSOR-001,2026-01-01 03:58:00,19.735863140911306
SENSOR-001,2026-01-01 03:59:00,19.594508286620982
SENSOR-001,2026-01-01 04:00:00,19.660331901120106
SENSOR-001,2026-01-01 04:01:00,19.200547019005747
SENSOR-001,2026-01-01 04:02:00,19.00929754491689
SENSOR-001,2026-01-01 04:03:00,19.347875999012867
SENSOR-001,2026-01-01 04:04:00,19.201233231318405
SENSOR-001,2026-01-01 04:05:00,18.872294660190757
SENSOR-001,2026-01-01 04:06:00,18.54945180539032
SENSOR-001,2026-01-01 04:07:00,18.710566231778127
SENSOR-001,2026-01-01 04:08:00,18.664585706644953
SENSOR-001,2026-01-01 04:09:00,18.804413875959547
SENSOR-001,2026-01-01 04:10:00,18.080491755432508
SENSOR-001,2026-01-01 04:11:00,18.02359305080261
SENSOR-001,2026-01-01 04:12:00,17.977569766131356
SENSOR-001,2026-01-01 04:13:00,18.393007917438542
SENSOR-001,2026-01-01 04:14:00,18.804124430999074
SENSOR-001,2026-01-01 04:15:00,19.107593530955267
SENSOR-001,2026-01-01 04:16:00,18.584226621834055
SENSOR-001,2026-01-01 04:17:00,18.964286115674614
SENSOR-001,2026-01-01 04:18:00,19.411927794828358
SENSOR-001,2026-01-01 04:19:00,19.217694212463655
SENSOR-001,2026-01-01 04:20:00,19.36365188079037
SENSOR-001,2026-01-01 04:21:00,19.538550235952947
SENSOR-001,2026-01-01 04:22:00,19.445273306277084
SENSOR-001,2026-01-01 04:23:00,19.523676149796966
SENSOR-001,2026-01-01 04:24:00,19.31438138171144
SENSOR-001,2026-01-01 04:25:00,19.414157988712592
SENSOR-001,2026-01-01 04:26:00,19.418319967573552
SENSOR-001,2026-01-01 04:27:00,19.540687783902847
SENSOR-001,2026-01-01 04:28:00,20.13756434727008
SENSOR-001,2026-01-01 04:29:00,19.793290838297015
SENSOR-001,2026-01-01 04:30:00,20.154149870803952
SENSOR-001,2026-01-01 04:31:00,20.153435293251107
SENSOR-001,2026-01-01 04:32:00,20.12929937474334
SENSOR-001,2026-01-01 04:33:00,19.470667364822383
SENSOR-001,2026-01-01 04:34:00,19.802331122491726
SENSOR-001,2026-01-01 04:35:00,19.462870013670102
SENSOR-001,2026-01-01 04:36:00,19.221757523189684
SENSOR-001,2026-01-01 04:37:00,19.20630280398338
SENSOR-001,2026-01-01 04:38:00,19.17630959308507
SENSOR-001,2026-01-01 04:39:00,18.98757056557484
SENSOR-001,2026-01-01 04:40:00,19.512489185974893
SENSOR-001,2026-01-01 04:41:00,19.751150319883838
SENSOR-001,2026-01-01 04:42:00,20.48824534653869
SENSOR-001,2026-01-01 04:43:00,20.207172679871267
SENSOR-001,2026-01-01 04:44:00,19.94135580592665
SENSOR-001,2026-01-01 04:45:00,20.52855667356453
SENSOR-001,2026-01-01 04:46:00,20.08867471554634
SENSOR-001,2026-01-01 04:47:00,20.157764790341282
SENSOR-001,2026-01-01 04:48:00,20.046068126028075
SENSOR-001,2026-01-01 04:49:00,19.95959177544283
SENSOR-001,2026-01-01 04:50:00,19.53575437019376
SENSOR-001,2026-01-01 04:51:00,19.375441125353532
SENSOR-001,2026-01-01 04:52:00,20.023073566150934
SENSOR-001,2026-01-01 04:53:00,20.067263097064092
SENSOR-001,2026-01-01 04:54:00,20.51287533949712
SENSOR-001,2026-01-01 04:55:00,20.272043150418863
SENSOR-001,2026-01-01 04:56:00,20.28633842221394
SENSOR-001,2026-01-01 04:57:00,20.45318394338324
SENSOR-001,2026-01-01 04:58:00,20.599039508743612
SENSOR-001,2026-01-01 04:59:00,20.483692965052832
SENSOR-001,2026-01-01 05:00:00,20.45718985434287
SENSOR-001,2026-01-01 05:01:00,20.741246777342162
SENSOR-001,2026-01-01 05:02:00,20.765264715554885
SENSOR-001,2026-01-01 05:03:00,20.159131967706685
SENSOR-001,2026-01-01 05:04:00,19.962443066645527
SENSOR-001,2026-01-01 05:05:00,19.636556042903845
SENSOR-001,2026-01-01 05:06:00,19.166763590942914
SENSOR-001,2026-01-01 05:07:00,19.494521192092357
SENSOR-001,2026-01-01 05:08:00,19.86862606235333
SENSOR-001,2026-01-01 05:09:00,19.65254948784764
SENSOR-001,2026-01-01 05:10:00,19.594292654683688
SENSOR-001,2026-01-01 05:11:00,20.231233237965036
SENSOR-001,2026-01-01 05:12:00,20.163159845525797
SENSOR-001,2026-01-01 05:13:00,20.123328929186602
SENSOR-001,2026-01-01 05:14:00,20.207191398897702
SENSOR-001,2026-01-01 05:15:00,20.57998307535364
SENSOR-001,2026-01-01 05:16:00,20.67556918530376
SENSOR-001,2026-01-01 05:17:00,20.932766234314073
SENSOR-001,2026-01-01 05:18:00,20.552967238307456
SENSOR-001,2026-01-01 05:19:00,20.75985377148881
SENSOR-001,2026-01-01 05:20:00,20.662100676977325
SENSOR-001,2026-01-01 05:21:00,20.358825685439644
SENSOR-001,2026-01-01 05:22:00,20.493000748749754
SENSOR-001,2026-01-01 05:23:00,21.20988984518201
SENSOR-001,2026-01-01 05:24:00,21.158875741091254
SENSOR-001,2026-01-01 05:25:00,21.357720871277166
SENSOR-001,2026-01-01 05:26:00,21.148148539321255
SENSOR-001,2026-01-01 05:27:00,20.57362305362383
SENSOR-001,2026-01-01 05:28:00,20.685716431909075
SENSOR-001,2026-01-01 05:29:00,20.320421532924847
SENSOR-001,2026-01-01 05:30:00,20.226807817009448
SENSOR-001,2026-01-01 05:31:00,20.79847891685879
SENSOR-001,2026-01-01 05:32:00,20.184195735485616
SENSOR-001,2026-01-01 05:33:00,20.279461805819032
SENSOR-001,2026-01-01 05:34:00,20.411697495236584
SENSOR-001,2026-01-01 05:35:00,20.47301342874643
SENSOR-001,2026-01-01 05:36:00,20.256035778020404
SENSOR-001,2026-01-01 05:37:00,20.2928000686569
SENSOR-001,2026-01-01 05:38:00,19.984081299077328
SENSOR-001,2026-01-01 05:39:00,20.456824213628718
SENSOR-001,2026-01-01 05:40:00,20.466066931296755
SENSOR-001,2026-01-01 05:41:00,20.820861593495284
SENSOR-001,2026-01-01 05:42:00,20.658359900948778
SENSOR-001,2026-01-01 05:43:00,20.85983582857357
SENSOR-001,2026-01-01 05:44:00,20.987862228860987
SENSOR-001,2026-01-01 05:45:00,20.55305901577754
SENSOR-001,2026-01-01 05:46:00,20.98032525888465
SENSOR-001,2026-01-01 05:47:00,21.700548512273166
SENSOR-001,2026-01-01 05:48:00,21.857588240196797
SENSOR-001,2026-01-01 05:49:00,21.276283708092635
SENSOR-001,2026-01-01 05:50:00,20.903978409304873
SENSOR-001,2026-01-01 05:51:00,20.15331650604409
SENSOR-001,2026-01-01 05:52:00,19.902527502926574
SENSOR-001,2026-01-01 05:53:00,20.451763705721397
SENSOR-001,2026-01-01 05:54:00,20.724741496527503
SENSOR-001,2026-01-01 05:55:00,20.370937132029532
SENSOR-001,2026-01-01 05:56:00,19.962166615397443
SENSOR-001,2026-01-01 05:57:00,19.778859638805724
SENSOR-001,2026-01-01 05:58:00,20.133792885103983
SENSOR-001,2026-01-01 05:59:00,20.275981058359665
SENSOR-001,2026-01-01 06:00:00,20.704520536554757
SENSOR-001,2026-01-01 06:01:00,20.44892580741778
SENSOR-001,2026-01-01 06:02:00,20.448917534022367
SENSOR-001,2026-01-01 06:03:00,20.198073644680356
SENSOR-001,2026-01-01 06:04:00,20.12697629128065
SENSOR-001,2026-01-01 06:05:00,20.029029545724075
SENSOR-001,2026-01-01 06:06:00,19.945186016761102
SENSOR-001,2026-01-01 06:07:00,20.135441438688932
SENSOR-001,2026-01-01 06:08:00,19.988066417422296
SENSOR-001,2026-01-01 06:09:00,19.954553837443505
SENSOR-001,2026-01-01 06:10:00,19.70043796178588
SENSOR-001,2026-01-01 06:11:00,20.100654972464046
SENSOR-001,2026-01-01 06:12:00,20.616451639629354
SENSOR-001,2026-01-01 06:13:00,21.15094405297873
SENSOR-001,2026-01-01 06:14:00,21.28981601060272
SENSOR-001,2026-01-01 06:15:00,21.159925154349935
SENSOR-001,2026-01-01 06:16:00,20.774735501675487
SENSOR-001,2026-01-01 06:17:00,20.39147320843383
SENSOR-001,2026-01-01 06:18:00,20.33942149868779
SENSOR-001,2026-01-01 06:19:00,19.943754970036633
SENSOR-001,2026-01-01 06:20:00,20.188582460137813
SENSOR-001,2026-01-01 06:21:00,20.25596157160945
SENSOR-001,2026-01-01 06:22:00,19.838624142881738
SENSOR-001,2026-01-01 06:23:00,19.800810291215907
SENSOR-001,2026-01-01 06:24:00,20.086808270161338
SENSOR-001,2026-01-01 06:25:00,20.43626932060078
SENSOR-001,2026-01-01 06:26:00,20.47031872232212
SENSOR-001,2026-01-01 06:27:00,20.62743611189918
SENSOR-001,2026-01-01 06:28:00,20.675871737979488
SENSOR-001,2026-01-01 06:29:00,20.487795462801092
SENSOR-001,2026-01-01 06:30:00,20.49955663791425
SENSOR-001,2026-01-01 06:31:00,20.503336125572094
SENSOR-001,2026-01-01 06:32:00,20.295432648518545
SENSOR-001,2026-01-01 06:33:00,20.356773579875718
SENSOR-001,2026-01-01 06:34:00,20.331886250566843
SENSOR-001,2026-01-01 06:35:00,20.43016763069898
SENSOR-001,2026-01-01 06:36:00,20.408347801794164
SENSOR-001,2026-01-01 06:37:00,20.382206891462275
SENSOR-001,2026-01-01 06:38:00,19.82151360896334
SENSOR-001,2026-01-01 06:39:00,20.559638812844888
SENSOR-001,2026-01-01 06:40:00,20.736806218887473
SENSOR-001,2026-01-01 06:41:00,20.81147010402049
SENSOR-001,2026-01-01 06:42:00,21.274781714482096
SENSOR-001,2026-01-01 06:43:00,21.46322311214186
SENSOR-001,2026-01-01 06:44:00,21.478300165182596
SENSOR-001,2026-01-01 06:45:00,21.54553168589073
SENSOR-001,2026-01-01 06:46:00,21.90780334883206
SENSOR-001,2026-01-01 06:47:00,21.814625621348092
SENSOR-001,2026-01-01 06:48:00,21.249817549858555
SENSOR-001,2026-01-01 06:49:00,20.693576574224828
SENSOR-001,2026-01-01 06:50:00,21.05652422048219
SENSOR-001,2026-01-01 06:51:00,20.911050443180237
SENSOR-001,2026-01-01 06:52:00,21.000066807819426
SENSOR-001,2026-01-01 06:53:00,20.89372877926661
SENSOR-001,2026-01-01 06:54:00,20.95732422252736
SENSOR-001,2026-01-01 06:55:00,20.62823461605956
SENSOR-001,2026-01-01 06:56:00,20.724794777857685
SENSOR-001,2026-01-01 06:57:00,19.99265677498828
SENSOR-001,2026-01-01 06:58:00,19.92990196673698
SENSOR-001,2026-01-01 06:59:00,19.550533742813997
SENSOR-001,2026-01-01 07:00:00,19.614519635514483
SENSOR-001,2026-01-01 07:01:00,19.698659224312483
SENSOR-001,2026-01-01 07:02:00,19.699897080155402
SENSOR-001,2026-01-01 07:03:00,19.791102731291623
SENSOR-001,2026-01-01 07:04:00,19.30175404043144
SENSOR-001,2026-01-01 07:05:00,19.065150561126316
SENSOR-001,2026-01-01 07:06:00,19.109374744672188
SENSOR-001,2026-01-01 07:07:00,19.327414519243924
SENSOR-001,2026-01-01 07:08:00,19.485798810420373
SENSOR-001,2026-01-01 07:09:00,19.039140262285816
SENSOR-001,2026-01-01 07:10:00,19.536354998371085
SENSOR-001,2026-01-01 07:11:00,19.560970733012617
SENSOR-001,2026-01-01 07:12:00,20.09960674275578
SENSOR-001,2026-01-01 07:13:00,20.303653990002207
SENSOR-001,2026-01-01 07:14:00,20.62979815639497
SENSOR-001,2026-01-01 07:15:00,20.735641473927526
SENSOR-001,2026-01-01 07:16:00,20.533791852736705
SENSOR-001,2026-01-01 07:17:00,20.411738569226465
SENSOR-001,2026-01-01 07:18:00,20.640336511829677
SENSOR-001,2026-01-01 07:19:00,20.478353712929376
SENSOR-001,2026-01-01 07:20:00,19.87068198905037
SENSOR-001,2026-01-01 07:21:00,19.891301997946478
SENSOR-001,2026-01-01 07:22:00,19.982161397543553
SENSOR-001,2026-01-01 07:23:00,20.12630053265913
SENSOR-001,2026-01-01 07:24:00,20.330260080708786
SENSOR-001,2026-01-01 07:25:00,20.903455864434743
SENSOR-001,2026-01-01 07:26:00,20.3720269064083
SENSOR-001,2026-01-01 07:27:00,20.871245025957073
SENSOR-001,2026-01-01 07:28:00,21.005715607545547
SENSOR-001,2026-01-01 07:29:00,20.908621899806615
SENSOR-001,2026-01-01 07:30:00,20.41908010962747
SENSOR-001,2026-01-01 07:31:00,20.404861161803357
SENSOR-001,2026-01-01 07:32:00,20.549829275136805
SENSOR-001,2026-01-01 07:33:00,20.487831454559284
SENSOR-001,2026-01-01 07:34:00,20.304774913476642
SENSOR-001,2026-01-01 07:35:00,20.09932509831038
SENSOR-001,2026-01-01 07:36:00,19.85582321248545
SENSOR-001,2026-01-01 07:37:00,20.066744257008125
SENSOR-001,2026-01-01 07:38:00,20.235557810996934
SENSOR-001,2026-01-01 07:39:00,20.503028906641855
SENSOR-001,2026-01-01 07:40:00,20.22375921762601
SENSOR-001,2026-01-01 07:41:00,20.60550223189146
SENSOR-001,2026-01-01 07:42:00,21.292669677907558
SENSOR-001,2026-01-01 07:43:00,21.1964303562191
SENSOR-001,2026-01-01 07:44:00,21.423532233881748
SENSOR-001,2026-01-01 07:45:00,20.887635577479358
SENSOR-001,2026-01-01 07:46:00,21.51546472126445
SENSOR-001,2026-01-01 07:47:00,21.555202697237913
SENSOR-001,2026-01-01 07:48:00,21.772252307286468
SENSOR-001,2026-01-01 07:49:00,21.68586954038031
SENSOR-001,2026-01-01 07:50:00,21.04532099142747
SENSOR-001,2026-01-01 07:51:00,21.091612888296453
SENSOR-001,2026-01-01 07:52:00,20.98311530427742
SENSOR-001,2026-01-01 07:53:00,21.16422554125393
SENSOR-001,2026-01-01 07:54:00,20.79929512870887
SENSOR-001,2026-01-01 07:55:00,19.813303351243267
SENSOR-001,2026-01-01 07:56:00,19.812605814217612
SENSOR-001,2026-01-01 07:57:00,19.73286203332075
SENSOR-001,2026-01-01 07:58:00,19.98082782479594
SENSOR-001,2026-01-01 07:59:00,19.726893690113748
SENSOR-001,2026-01-01 08:00:00,19.64201020305097
SENSOR-001,2026-01-01 08:01:00,19.568561602023127
SENSOR-001,2026-01-01 08:02:00,19.392902200549724
SENSOR-001,2026-01-01 08:03:00,19.623869458072583
SENSOR-001,2026-01-01 08:04:00,19.579298996221134
SENSOR-001,2026-01-01 08:05:00,19.475421773735224
SENSOR-001,2026-01-01 08:06:00,19.324376693807903
SENSOR-001,2026-01-01 08:07:00,19.302392329643602
SENSOR-001,2026-01-01 08:08:00,19.835003608532638
SENSOR-001,2026-01-01 08:09:00,19.78209900910859
SENSOR-001,2026-01-01 08:10:00,19.6085093075223
SENSOR-001,2026-01-01 08:11:00,19.68150081650783
SENSOR-001,2026-01-01 08:12:00,19.955264737497778
SENSOR-001,2026-01-01 08:13:00,19.964729456365575
SENSOR-001,2026-01-01 08:14:00,20.095180666459076
SENSOR-001,2026-01-01 08:15:00,20.27808189103803
SENSOR-001,2026-01-01 08:16:00,20.479599374055276
SENSOR-001,2026-01-01 08:17:00,20.50199627294643
SENSOR-001,2026-01-01 08:18:00,20.03944531727655
SENSOR-001,2026-01-01 08:19:00,20.00291961236355
SENSOR-001,2026-01-01 08:20:00,19.81031524029806
SENSOR-001,2026-01-01 08:21:00,20.050616337738703
SENSOR-001,2026-01-01 08:22:00,20.432729424895346
SENSOR-001,2026-01-01 08:23:00,20.279739765104846
SENSOR-001,2026-01-01 08:24:00,20.475930809615356
SENSOR-001,2026-01-01 08:25:00,20.542849691109264
SENSOR-001,2026-01-01 08:26:00,20.422294783847992
SENSOR-001,2026-01-01 08:27:00,20.80064962583136
SENSOR-001,2026-01-01 08:28:00,20.585301883428738
SENSOR-001,2026-01-01 08:29:00,20.323911572929223
SENSOR-001,2026-01-01 08:30:00,20.033021093088873
SENSOR-001,2026-01-01 08:31:00,20.346984309228883
SENSOR-001,2026-01-01 08:32:00,20.09116234487575
SENSOR-001,2026-01-01 08:33:00,19.857108251802003
SENSOR-001,2026-01-01 08:34:00,20.19351562170508
SENSOR-001,2026-01-01 08:35:00,20.280524980750055
SENSOR-001,2026-01-01 08:36:00,20.20647718107961
SENSOR-001,2026-01-01 08:37:00,19.93141900844999
SENSOR-001,2026-01-01 08:38:00,20.0088550117056
SENSOR-001,2026-01-01 08:39:00,19.690645536303876
SENSOR-001,2026-01-01 08:40:00,19.78018126008485
SENSOR-001,2026-01-01 08:41:00,19.846083490579435
SENSOR-001,2026-01-01 08:42:00,19.84027091033885
SENSOR-001,2026-01-01 08:43:00,19.913144988094665
SENSOR-001,2026-01-01 08:44:00,20.105018561476072
SENSOR-001,2026-01-01 08:45:00,19.555893853970396
SENSOR-001,2026-01-01 08:46:00,19.28766685200127
SENSOR-001,2026-01-01 08:47:00,19.57547387391162
SENSOR-001,2026-01-01 08:48:00,19.572487392202824
SENSOR-001,2026-01-01 08:49:00,19.86884428595491
SENSOR-001,2026-01-01 08:50:00,20.38902054696758
SENSOR-001,2026-01-01 08:51:00,20.814201851192923
SENSOR-001,2026-01-01 08:52:00,21.028663326010328
SENSOR-001,2026-01-01 08:53:00,20.957188531466592
SENSOR-001,2026-01-01 08:54:00,21.216746254658233
SENSOR-001,2026-01-01 08:55:00,20.91837684525769
SENSOR-001,2026-01-01 08:56:00,20.887665659155722
SENSOR-001,2026-01-01 08:57:00,20.724962855610062
SENSOR-001,2026-01-01 08:58:00,20.515608052586515
SENSOR-001,2026-01-01 08:59:00,20.24688492332303
SENSOR-001,2026-01-01 09:00:00,20.351832579562476
SENSOR-001,2026-01-01 09:01:00,19.86249181775947
SENSOR-001,2026-01-01 09:02:00,19.30090903285766
SENSOR-001,2026-01-01 09:03:00,19.671337387215036
SENSOR-001,2026-01-01 09:04:00,19.82792888914101
SENSOR-001,2026-01-01 09:05:00,20.09312233703331
SENSOR-001,2026-01-01 09:06:00,20.050570564559408
SENSOR-001,2026-01-01 09:07:00,20.18855530251357
SENSOR-001,2026-01-01 09:08:00,20.025393027695934
SENSOR-001,2026-01-01 09:09:00,19.869814378213984
SENSOR-001,2026-01-01 09:10:00,19.551535738775176
SENSOR-001,2026-01-01 09:11:00,20.131886583015387
SENSOR-001,2026-01-01 09:12:00,19.834920778739423
SENSOR-001,2026-01-01 09:13:00,20.321229994184275
SENSOR-001,2026-01-01 09:14:00,19.9305688362615
SENSOR-001,2026-01-01 09:15:00,19.669945455405227
SENSOR-001,2026-01-01 09:16:00,20.067744055688195
SENSOR-001,2026-01-01 09:17:00,20.23527099814721
SENSOR-001,2026-01-01 09:18:00,20.336014467984413
SENSOR-001,2026-01-01 09:19:00,20.027564200013
SENSOR-001,2026-01-01 09:20:00,20.313806772896292
SENSOR-001,2026-01-01 09:21:00,20.027599612621163
SENSOR-001,2026-01-01 09:22:00,20.116364260922726
SENSOR-001,2026-01-01 09:23:00,19.891407654693865
SENSOR-001,2026-01-01 09:24:00,20.36435620170064
SENSOR-001,2026-01-01 09:25:00,20.44808053989697
SENSOR-001,2026-01-01 09:26:00,20.80465946686643
SENSOR-001,2026-01-01 09:27:00,20.6793730022598
SENSOR-001,2026-01-01 09:28:00,20.40048959053873
SENSOR-001,2026-01-01 09:29:00,19.95436426056147
SENSOR-001,2026-01-01 09:30:00,20.035453383063437
SENSOR-001,2026-01-01 09:31:00,20.388012646217344
SENSOR-001,2026-01-01 09:32:00,20.509429880195256
SENSOR-001,2026-01-01 09:33:00,20.247801021509375
SENSOR-001,2026-01-01 09:34:00,20.090238505915156
SENSOR-001,2026-01-01 09:35:00,19.948615801190197
SENSOR-001,2026-01-01 09:36:00,19.946045058341294
SENSOR-001,2026-01-01 09:37:00,20.159692757495243
SENSOR-001,2026-01-01 09:38:00,20.186012754202466
SENSOR-001,2026-01-01 09:39:00,20.38072776226536
SENSOR-001,2026-01-01 09:40:00,20.475407261355265
SENSOR-001,2026-01-01 09:41:00,20.125945207800168
SENSOR-001,2026-01-01 09:42:00,20.142151215228047
SENSOR-001,2026-01-01 09:43:00,19.83046506583468
SENSOR-001,2026-01-01 09:44:00,19.87687393951476
SENSOR-001,2026-01-01 09:45:00,20.02014066062413
SENSOR-001,2026-01-01 09:46:00,19.78713762552762
SENSOR-001,2026-01-01 09:47:00,19.41610796047901
SENSOR-001,2026-01-01 09:48:00,19.538834406558724
SENSOR-001,2026-01-01 09:49:00,19.55087263532244
SENSOR-001,2026-01-01 09:50:00,19.94404985144853
SENSOR-001,2026-01-01 09:51:00,19.75589658561763
SENSOR-001,2026-01-01 09:52:00,20.269478717662064
SENSOR-001,2026-01-01 09:53:00,20.439904240236643
SENSOR-001,2026-01-01 09:54:00,19.947739113047447
SENSOR-001,2026-01-01 09:55:00,19.753795251376914
SENSOR-001,2026-01-01 09:56:00,19.78883734597575
SENSOR-001,2026-01-01 09:57:00,19.776018981438412
SENSOR-001,2026-01-01 09:58:00,19.535183613754345
SENSOR-001,2026-01-01 09:59:00,19.041553021336593
SENSOR-001,2026-01-01 10:00:00,19.04664202754292
SENSOR-001,2026-01-01 10:01:00,19.076375774499155
SENSOR-001,2026-01-01 10:02:00,19.341438597734218
SENSOR-001,2026-01-01 10:03:00,19.465593291062426
SENSOR-001,2026-01-01 10:04:00,19.199746075469136
SENSOR-001,2026-01-01 10:05:00,19.512449765467355
SENSOR-001,2026-01-01 10:06:00,19.385602379354502
SENSOR-001,2026-01-01 10:07:00,19.733462348908997
SENSOR-001,2026-01-01 10:08:00,19.621645199700335
SENSOR-001,2026-01-01 10:09:00,19.497038020560996
SENSOR-001,2026-01-01 10:10:00,19.54626389176554
SENSOR-001,2026-01-01 10:11:00,19.822204735856765
SENSOR-001,2026-01-01 10:12:00,19.918885555564753
SENSOR-001,2026-01-01 10:13:00,19.540916287454962
SENSOR-001,2026-01-01 10:14:00,19.877481088880348
SENSOR-001,2026-01-01 10:15:00,19.69125729047074
SENSOR-001,2026-01-01 10:16:00,19.292755930430076
SENSOR-001,2026-01-01 10:17:00,18.8575262952605
SENSOR-001,2026-01-01 10:18:00,19.361116930206936
SENSOR-001,2026-01-01 10:19:00,19.88013442490054
SENSOR-001,2026-01-01 10:20:00,19.730616692287125
SENSOR-001,2026-01-01 10:21:00,19.671516015838424
SENSOR-001,2026-01-01 10:22:00,19.688960221788648
SENSOR-001,2026-01-01 10:23:00,19.345099038417622
SENSOR-001,2026-01-01 10:24:00,19.45089207639591
SENSOR-001,2026-01-01 10:25:00,19.670965254356076
SENSOR-001,2026-01-01 10:26:00,19.577881498628457
SENSOR-001,2026-01-01 10:27:00,19.69194682318968
SENSOR-001,2026-01-01 10:28:00,19.599256215709236
SENSOR-001,2026-01-01 10:29:00,19.94422522777249
SENSOR-001,2026-01-01 10:30:00,19.675820452740773
SENSOR-001,2026-01-01 10:31:00,19.56859577523516
SENSOR-001,2026-01-01 10:32:00,20.03924948675379
SENSOR-001,2026-01-01 10:33:00,20.09025134685587
SENSOR-001,2026-01-01 10:34:00,20.801903360785975
SENSOR-001,2026-01-01 10:35:00,20.943515424137246
SENSOR-001,2026-01-01 10:36:00,21.19764041330557
SENSOR-001,2026-01-01 10:37:00,21.272475374178175
SENSOR-001,2026-01-01 10:38:00,20.919291994055673
SENSOR-001,2026-01-01 10:39:00,21.10809489598894
SENSOR-001,2026-01-01 10:40:00,20.700700065959246
SENSOR-001,2026-01-01 10:41:00,20.140012145571976
SENSOR-001,2026-01-01 10:42:00,20.24310700543345
SENSOR-001,2026-01-01 10:43:00,20.51797910929257
SENSOR-001,2026-01-01 10:44:00,20.837476010692527
SENSOR-001,2026-01-01 10:45:00,20.877927296557996
SENSOR-001,2026-01-01 10:46:00,20.769437165318465
SENSOR-001,2026-01-01 10:47:00,20.651864620361266
SENSOR-001,2026-01-01 10:48:00,20.745899781864473
SENSOR-001,2026-01-01 10:49:00,20.972057404871776
SENSOR-001,2026-01-01 10:50:00,20.8830134927293
SENSOR-001,2026-01-01 10:51:00,20.985459597972195
SENSOR-001,2026-01-01 10:52:00,21.234179438875174
SENSOR-001,2026-01-01 10:53:00,21.471099558082585
SENSOR-001,2026-01-01 10:54:00,21.67393732550842
SENSOR-001,2026-01-01 10:55:00,21.757493348325266
SENSOR-001,2026-01-01 10:56:00,22.101374459281846
SENSOR-001,2026-01-01 10:57:00,21.62804883553622
SENSOR-001,2026-01-01 10:58:00,21.969109397892094
SENSOR-001,2026-01-01 10:59:00,21.795464088040145
SENSOR-001,2026-01-01 11:00:00,21.153772323285708
SENSOR-001,2026-01-01 11:01:00,21.076171439642774
SENSOR-001,2026-01-01 11:02:00,21.065278701673225
SENSOR-001,2026-01-01 11:03:00,20.563494370151332
SENSOR-001,2026-01-01 11:04:00,20.5160756447891
SENSOR-001,2026-01-01 11:05:00,19.80888362205526
SENSOR-001,2026-01-01 11:06:00,20.33801959704738
SENSOR-001,2026-01-01 11:07:00,20.22650328661567
SENSOR-001,2026-01-01 11:08:00,20.202440192061207
SENSOR-001,2026-01-01 11:09:00,20.46934742745708
SENSOR-001,2026-01-01 11:10:00,20.425755991992233
SENSOR-001,2026-01-01 11:11:00,20.005995457316317
SENSOR-001,2026-01-01 11:12:00,19.42628760172994
SENSOR-001,2026-01-01 11:13:00,19.682184431750635
SENSOR-001,2026-01-01 11:14:00,19.953635362777902
SENSOR-001,2026-01-01 11:15:00,19.82827405185538
SENSOR-001,2026-01-01 11:16:00,19.24452998608915
SENSOR-001,2026-01-01 11:17:00,19.417895250521084
SENSOR-001,2026-01-01 11:18:00,19.470950457273087
SENSOR-001,2026-01-01 11:19:00,19.70874817321005
SENSOR-001,2026-01-01 11:20:00,19.499823060748728
SENSOR-001,2026-01-01 11:21:00,18.92220377230336
SENSOR-001,2026-01-01 11:22:00,18.865304173397973
SENSOR-001,2026-01-01 11:23:00,19.210472435116287
SENSOR-001,2026-01-01 11:24:00,19.601440265877876
SENSOR-001,2026-01-01 11:25:00,19.53698777355229
SENSOR-001,2026-01-01 11:26:00,19.414490688375068
SENSOR-001,2026-01-01 11:27:00,18.93095181906631
SENSOR-001,2026-01-01 11:28:00,19.394580315525992
SENSOR-001,2026-01-01 11:29:00,19.3189085888686
SENSOR-001,2026-01-01 11:30:00,19.171834146343794
SENSOR-001,2026-01-01 11:31:00,18.986200111874812
SENSOR-001,2026-01-01 11:32:00,18.967610991604882
SENSOR-001,2026-01-01 11:33:00,19.194819446365912
SENSOR-001,2026-01-01 11:34:00,19.160329244023874
SENSOR-001,2026-01-01 11:35:00,19.648322591534775
SENSOR-001,2026-01-01 11:36:00,19.876995734287686
SENSOR-001,2026-01-01 11:37:00,19.998880441382273
SENSOR-001,2026-01-01 11:38:00,20.386576241614417
SENSOR-001,2026-01-01 11:39:00,19.98579504503238
SENSOR-001,2026-01-01 11:40:00,20.028620792160794
SENSOR-001,2026-01-01 11:41:00,20.2623967928603
SENSOR-001,2026-01-01 11:42:00,20.48095659420524
SENSOR-001,2026-01-01 11:43:00,20.305052644030763
SENSOR-001,2026-01-01 11:44:00,19.91433549421035
SENSOR-001,2026-01-01 11:45:00,19.3657650623013
SENSOR-001,2026-01-01 11:46:00,19.577102959101733
SENSOR-001,2026-01-01 11:47:00,19.59368894082974
SENSOR-001,2026-01-01 11:48:00,19.58186488396427
SENSOR-001,2026-01-01 11:49:00,19.676603411655705
SENSOR-001,2026-01-01 11:50:00,19.693905791052174
SENSOR-001,2026-01-01 11:51:00,19.57259714020798
SENSOR-001,2026-01-01 11:52:00,19.840123718399877
SENSOR-001,2026-01-01 11:53:00,19.452892225648963
SENSOR-001,2026-01-01 11:54:00,19.171322880078517
SENSOR-001,2026-01-01 11:55:00,18.863360494407992
SENSOR-001,2026-01-01 11:56:00,18.87432173903947
SENSOR-001,2026-01-01 11:57:00,19.173782858324447
SENSOR-001,2026-01-01 11:58:00,19.027533088788992
SENSOR-001,2026-01-01 11:59:00,19.168506781994914
SENSOR-001,2026-01-01 12:00:00,19.532733728704613
SENSOR-001,2026-01-01 12:01:00,20.109455238698764
SENSOR-001,2026-01-01 12:02:00,20.35464798199975
SENSOR-001,2026-01-01 12:03:00,20.17040049103013
SENSOR-001,2026-01-01 12:04:00,19.707959150557077
SENSOR-001,2026-01-01 12:05:00,18.99050942126677
SENSOR-001,2026-01-01 12:06:00,18.918945571565875
SENSOR-001,2026-01-01 12:07:00,19.06283717993526
SENSOR-001,2026-01-01 12:08:00,19.029328613023786
SENSOR-001,2026-01-01 12:09:00,19.71217066124109
SENSOR-001,2026-01-01 12:10:00,19.35903470593703
SENSOR-001,2026-01-01 12:11:00,19.243979282950328
SENSOR-001,2026-01-01 12:12:00,18.63808866401205
SENSOR-001,2026-01-01 12:13:00,19.121871072358346
SENSOR-001,2026-01-01 12:14:00,19.031067657524794
SENSOR-001,2026-01-01 12:15:00,18.58827357285297
SENSOR-001,2026-01-01 12:16:00,18.68012822544001
SENSOR-001,2026-01-01 12:17:00,19.24830949079128
SENSOR-001,2026-01-01 12:18:00,19.913007151601988
SENSOR-001,2026-01-01 12:19:00,19.846816369105802
SENSOR-001,2026-01-01 12:20:00,20.0490614799345
SENSOR-001,2026-01-01 12:21:00,19.916618309123415
SENSOR-001,2026-01-01 12:22:00,19.857763776610277
SENSOR-001,2026-01-01 12:23:00,19.715460867071993
SENSOR-001,2026-01-01 12:24:00,20.21239039708352
SENSOR-001,2026-01-01 12:25:00,19.980434043216338
SENSOR-001,2026-01-01 12:26:00,19.375873838188692
SENSOR-001,2026-01-01 12:27:00,19.10001911070306
SENSOR-001,2026-01-01 12:28:00,19.004976878608897
SENSOR-001,2026-01-01 12:29:00,19.154912485010406
SENSOR-001,2026-01-01 12:30:00,19.06901040562713
SENSOR-001,2026-01-01 12:31:00,19.2175327562637
SENSOR-001,2026-01-01 12:32:00,19.356439974952888
SENSOR-001,2026-01-01 12:33:00,19.307862714385596
SENSOR-001,2026-01-01 12:34:00,19.576047541875177
SENSOR-001,2026-01-01 12:35:00,19.339999132668048
SENSOR-001,2026-01-01 12:36:00,19.099543966054778
SENSOR-001,2026-01-01 12:37:00,19.467387616826706
SENSOR-001,2026-01-01 12:38:00,19.53730860615896
SENSOR-001,2026-01-01 12:39:00,18.717916621840246
SENSOR-001,2026-01-01 12:40:00,18.71033783626443
SENSOR-001,2026-01-01 12:41:00,19.0028117092145
SENSOR-001,2026-01-01 12:42:00,19.539192237875262
SENSOR-001,2026-01-01 12:43:00,19.78587721999602
SENSOR-001,2026-01-01 12:44:00,19.902038053866324
SENSOR-001,2026-01-01 12:45:00,20.217515720977335
SENSOR-001,2026-01-01 12:46:00,20.495725203677747
SENSOR-001,2026-01-01 12:47:00,20.78722109742833
SENSOR-001,2026-01-01 12:48:00,20.367962074973644
SENSOR-001,2026-01-01 12:49:00,20.302996565858102
SENSOR-001,2026-01-01 12:50:00,19.820780124233643
SENSOR-001,2026-01-01 12:51:00,20.15340134042967
SENSOR-001,2026-01-01 12:52:00,19.935355551210968
SENSOR-001,2026-01-01 12:53:00,19.636380779741557
SENSOR-001,2026-01-01 12:54:00,20.20919504345011
SENSOR-001,2026-01-01 12:55:00,19.862662442868952
SENSOR-001,2026-01-01 12:56:00,19.75278365209264
SENSOR-001,2026-01-01 12:57:00,19.772104276510518
SENSOR-001,2026-01-01 12:58:00,19.73457587486604
SENSOR-001,2026-01-01 12:59:00,20.093506682559543
SENSOR-001,2026-01-01 13:00:00,20.258606990160175
SENSOR-001,2026-01-01 13:01:00,19.92964372210584
SENSOR-001,2026-01-01 13:02:00,20.166782001979037
SENSOR-001,2026-01-01 13:03:00,20.058681047187147
SENSOR-001,2026-01-01 13:04:00,19.876237737768047
SENSOR-001,2026-01-01 13:05:00,20.055693948148633
SENSOR-001,2026-01-01 13:06:00,20.170110740039508
SENSOR-001,2026-01-01 13:07:00,20.18478885776051
SENSOR-001,2026-01-01 13:08:00,19.90416203359227
SENSOR-001,2026-01-01 13:09:00,19.929250620582827
SENSOR-001,2026-01-01 13:10:00,19.56620902500386
SENSOR-001,2026-01-01 13:11:00,19.8247623759966
SENSOR-001,2026-01-01 13:12:00,19.745339766692144
SENSOR-001,2026-01-01 13:13:00,19.732407256592627
SENSOR-001,2026-01-01 13:14:00,19.953513613506818
SENSOR-001,2026-01-01 13:15:00,19.887323553202986
SENSOR-001,2026-01-01 13:16:00,20.028073817272197
SENSOR-001,2026-01-01 13:17:00,19.800240542722037
SENSOR-001,2026-01-01 13:18:00,19.890987040557725
SENSOR-001,2026-01-01 13:19:00,20.164750125687945
SENSOR-001,2026-01-01 13:20:00,19.587901336890255
SENSOR-001,2026-01-01 13:21:00,19.481704827696323
SENSOR-001,2026-01-01 13:22:00,19.549271199698204
SENSOR-001,2026-01-01 13:23:00,19.530109636099677
SENSOR-001,2026-01-01 13:24:00,19.701394638223782
SENSOR-001,2026-01-01 13:25:00,20.058418471440433
SENSOR-001,2026-01-01 13:26:00,20.065471223925226
SENSOR-001,2026-01-01 13:27:00,20.181266166702223
SENSOR-001,2026-01-01 13:28:00,20.270987669185153
SENSOR-001,2026-01-01 13:29:00,20.526735385105194
SENSOR-001,2026-01-01 13:30:00,20.685139009690108
SENSOR-001,2026-01-01 13:31:00,21.05204243765057
SENSOR-001,2026-01-01 13:32:00,21.261440617377804
SENSOR-001,2026-01-01 13:33:00,20.944751872934642
SENSOR-001,2026-01-01 13:34:00,20.918644081649614
SENSOR-001,2026-01-01 13:35:00,21.105123625562157
SENSOR-001,2026-01-01 13:36:00,21.02546474913179
SENSOR-001,2026-01-01 13:37:00,20.08845452954811
SENSOR-001,2026-01-01 13:38:00,20.60457204968924
SENSOR-001,2026-01-01 13:39:00,20.666062054920715
SENSOR-001,2026-01-01 13:40:00,20.677644404867127
SENSOR-001,2026-01-01 13:41:00,20.69849671402272
SENSOR-001,2026-01-01 13:42:00,20.378165655245464
SENSOR-001,2026-01-01 13:43:00,20.34006515583222
SENSOR-001,2026-01-01 13:44:00,20.193391279141554
SENSOR-001,2026-01-01 13:45:00,19.921015797751934
SENSOR-001,2026-01-01 13:46:00,19.96445483094604
SENSOR-001,2026-01-01 13:47:00,20.08174455630332
SENSOR-001,2026-01-01 13:48:00,20.395183317182276
SENSOR-001,2026-01-01 13:49:00,20.434688611474847
SENSOR-001,2026-01-01 13:50:00,20.345237095843512
SENSOR-001,2026-01-01 13:51:00,20.48017980516733
SENSOR-001,2026-01-01 13:52:00,20.74788769969084
SENSOR-001,2026-01-01 13:53:00,20.9642177181893
SENSOR-001,2026-01-01 13:54:00,20.799137421870945
SENSOR-001,2026-01-01 13:55:00,20.74615905475373
SENSOR-001,2026-01-01 13:56:00,20.586320691569806
SENSOR-001,2026-01-01 13:57:00,21.167021694681527
SENSOR-001,2026-01-01 13:58:00,21.346417337702785
SENSOR-001,2026-01-01 13:59:00,21.57829484846204
SENSOR-001,2026-01-01 14:00:00,21.128331483359215
SENSOR-001,2026-01-01 14:01:00,21.128304421138832
SENSOR-001,2026-01-01 14:02:00,21.43685366031785
SENSOR-001,2026-01-01 14:03:00,20.920785869830727
SENSOR-001,2026-01-01 14:04:00,20.802736113430445
SENSOR-001,2026-01-01 14:05:00,20.152426817782388
SENSOR-001,2026-01-01 14:06:00,21.040224219268957
SENSOR-001,2026-01-01 14:07:00,21.0102544381942
SENSOR-001,2026-01-01 14:08:00,20.76203459605981
SENSOR-001,2026-01-01 14:09:00,20.958555301895213
SENSOR-001,2026-01-01 14:10:00,20.750306267371283
SENSOR-001,2026-01-01 14:11:00,20.875779188524678
SENSOR-001,2026-01-01 14:12:00,20.65617630004248
SENSOR-001,2026-01-01 14:13:00,20.939791474407684
SENSOR-001,2026-01-01 14:14:00,20.65673359962584
SENSOR-001,2026-01-01 14:15:00,20.64310735799774
SENSOR-001,2026-01-01 14:16:00,20.282927616235632
SENSOR-001,2026-01-01 14:17:00,20.311704293084755
SENSOR-001,2026-01-01 14:18:00,20.25386743813228
SENSOR-001,2026-01-01 14:19:00,19.860156113262764
SENSOR-001,2026-01-01 14:20:00,20.421682147240688
SENSOR-001,2026-01-01 14:21:00,20.327934909603346
SENSOR-001,2026-01-01 14:22:00,20.300414157903695
SENSOR-001,2026-01-01 14:23:00,20.557804780867798
SENSOR-001,2026-01-01 14:24:00,20.224326437824228
SENSOR-001,2026-01-01 14:25:00,19.885279427605997
SENSOR-001,2026-01-01 14:26:00,19.707352045460006
SENSOR-001,2026-01-01 14:27:00,20.06388635314978
SENSOR-001,2026-01-01 14:28:00,19.772350481492175
SENSOR-001,2026-01-01 14:29:00,20.581129347531057
SENSOR-001,2026-01-01 14:30:00,20.60396454569784
SENSOR-001,2026-01-01 14:31:00,20.66690781594343
SENSOR-001,2026-01-01 14:32:00,20.754285185149786
SENSOR-001,2026-01-01 14:33:00,20.502012840809712
SENSOR-001,2026-01-01 14:34:00,20.453740302105327
SENSOR-001,2026-01-01 14:35:00,20.23953434824652
SENSOR-001,2026-01-01 14:36:00,20.1998982378752
SENSOR-001,2026-01-01 14:37:00,20.121894034400235
SENSOR-001,2026-01-01 14:38:00,20.548511857577946
SENSOR-001,2026-01-01 14:39:00,20.56646278443488
SENSOR-001,2026-01-01 14:40:00,20.529868838544672
SENSOR-001,2026-01-01 14:41:00,20.4418959110544
SENSOR-001,2026-01-01 14:42:00,20.189141656242118
SENSOR-001,2026-01-01 14:43:00,19.90651987269168
SENSOR-001,2026-01-01 14:44:00,19.863883977837524
SENSOR-001,2026-01-01 14:45:00,20.260003847616805
SENSOR-001,2026-01-01 14:46:00,20.39260050758233
SENSOR-001,2026-01-01 14:47:00,20.180743201387024
SENSOR-001,2026-01-01 14:48:00,19.941458446676286
SENSOR-001,2026-01-01 14:49:00,19.86772046850595
SENSOR-001,2026-01-01 14:50:00,20.198177781747408
SENSOR-001,2026-01-01 14:51:00,20.488714435837334
SENSOR-001,2026-01-01 14:52:00,20.332671227570003
SENSOR-001,2026-01-01 14:53:00,20.126943960500867
SENSOR-001,2026-01-01 14:54:00,20.268355836553287
SENSOR-001,2026-01-01 14:55:00,20.022643460242136
SENSOR-001,2026-01-01 14:56:00,19.954708391569962
SENSOR-001,2026-01-01 14:57:00,20.444814934632674
SENSOR-001,2026-01-01 14:58:00,20.219117524010787
SENSOR-001,2026-01-01 14:59:00,20.239833552432454
SENSOR-001,2026-01-01 15:00:00,20.218714278664944
SENSOR-001,2026-01-01 15:01:00,20.47547785826021
SENSOR-001,2026-01-01 15:02:00,20.508794669825107
SENSOR-001,2026-01-01 15:03:00,20.045443196927152
SENSOR-001,2026-01-01 15:04:00,19.736287392256273
SENSOR-001,2026-01-01 15:05:00,19.93559629905314
SENSOR-001,2026-01-01 15:06:00,19.93129961279515
SENSOR-001,2026-01-01 15:07:00,19.80030103389686
SENSOR-001,2026-01-01 15:08:00,19.42486408317229
SENSOR-001,2026-01-01 15:09:00,19.56605817829954
SENSOR-001,2026-01-01 15:10:00,19.47886726850991
SENSOR-001,2026-01-01 15:11:00,19.743246944927172
SENSOR-001,2026-01-01 15:12:00,19.86885586865005
SENSOR-001,2026-01-01 15:13:00,19.618181866635872
SENSOR-001,2026-01-01 15:14:00,19.286244869926787
SENSOR-001,2026-01-01 15:15:00,19.195909148265216
SENSOR-001,2026-01-01 15:16:00,19.388121638066675
SENSOR-001,2026-01-01 15:17:00,19.65979270769158
SENSOR-001,2026-01-01 15:18:00,19.123652709589706
SENSOR-001,2026-01-01 15:19:00,19.618895120819072
SENSOR-001,2026-01-01 15:20:00,19.73708657327098
SENSOR-001,2026-01-01 15:21:00,19.669286377056988
SENSOR-001,2026-01-01 15:22:00,19.12167163270457
SENSOR-001,2026-01-01 15:23:00,18.904029473143563
SENSOR-001,2026-01-01 15:24:00,19.35981837988272
SENSOR-001,2026-01-01 15:25:00,19.444096993635327
SENSOR-001,2026-01-01 15:26:00,19.528914010559504
SENSOR-001,2026-01-01 15:27:00,19.475406371702494
SENSOR-001,2026-01-01 15:28:00,19.380938838996258
SENSOR-001,2026-01-01 15:29:00,19.344281537248825
SENSOR-001,2026-01-01 15:30:00,19.674327913635082
SENSOR-001,2026-01-01 15:31:00,19.962097859593648
SENSOR-001,2026-01-01 15:32:00,20.155873027503137
SENSOR-001,2026-01-01 15:33:00,20.071169994874623
SENSOR-001,2026-01-01 15:34:00,20.184623460514405
SENSOR-001,2026-01-01 15:35:00,20.631421796442233
SENSOR-001,2026-01-01 15:36:00,20.83127690779041
SENSOR-001,2026-01-01 15:37:00,21.1563260851404
SENSOR-001,2026-01-01 15:38:00,20.63362493124481
SENSOR-001,2026-01-01 15:39:00,19.99103125878366
SENSOR-001,2026-01-01 15:40:00,20.23793693417949
SENSOR-001,2026-01-01 15:41:00,20.178806216197064
SENSOR-001,2026-01-01 15:42:00,19.092434608689786
SENSOR-001,2026-01-01 15:43:00,19.4176178740886
SENSOR-001,2026-01-01 15:44:00,19.81467746715557
SENSOR-001,2026-01-01 15:45:00,19.93933997260875
SENSOR-001,2026-01-01 15:46:00,19.99628094243219
SENSOR-001,2026-01-01 15:47:00,19.548728656348466
SENSOR-001,2026-01-01 15:48:00,19.926654552810447
SENSOR-001,2026-01-01 15:49:00,20.69875242694826
SENSOR-001,2026-01-01 15:50:00,21.415084465810715
SENSOR-001,2026-01-01 15:51:00,21.296208812808626
SENSOR-001,2026-01-01 15:52:00,21.221905670754794
SENSOR-001,2026-01-01 15:53:00,21.345425257323985
SENSOR-001,2026-01-01 15:54:00,20.875737942718672
SENSOR-001,2026-01-01 15:55:00,20.63633554259856
SENSOR-001,2026-01-01 15:56:00,20.794611131812992
SENSOR-001,2026-01-01 15:57:00,20.81103678142374
SENSOR-001,2026-01-01 15:58:00,20.580728579741965
SENSOR-001,2026-01-01 15:59:00,20.50611512141701
SENSOR-001,2026-01-01 16:00:00,20.102561784845204
SENSOR-001,2026-01-01 16:01:00,19.98618445545843
SENSOR-001,2026-01-01 16:02:00,20.3367019520552
SENSOR-001,2026-01-01 16:03:00,20.125264869721708
SENSOR-001,2026-01-01 16:04:00,19.905229703407212
SENSOR-001,2026-01-01 16:05:00,19.797493835052176
SENSOR-001,2026-01-01 16:06:00,19.469884036421185
SENSOR-001,2026-01-01 16:07:00,19.735186681774444
SENSOR-001,2026-01-01 16:08:00,19.309314011901208
SENSOR-001,2026-01-01 16:09:00,19.106952091680473
SENSOR-001,2026-01-01 16:10:00,19.281898320860808
SENSOR-001,2026-01-01 16:11:00,18.760680112992134
SENSOR-001,2026-01-01 16:12:00,19.352380322526557
SENSOR-001,2026-01-01 16:13:00,19.828440111375162
SENSOR-001,2026-01-01 16:14:00,19.870768868203264
SENSOR-001,2026-01-01 16:15:00,20.27000922600611
SENSOR-001,2026-01-01 16:16:00,20.34613652475049
SENSOR-001,2026-01-01 16:17:00,20.516303091880367
SENSOR-001,2026-01-01 16:18:00,20.826509371629538
SENSOR-001,2026-01-01 16:19:00,21.427849213845732
SENSOR-001,2026-01-01 16:20:00,21.37761994657143
SENSOR-001,2026-01-01 16:21:00,21.97809238358013
SENSOR-001,2026-01-01 16:22:00,22.14064410306773
SENSOR-001,2026-01-01 16:23:00,22.438467255426232
SENSOR-001,2026-01-01 16:24:00,22.234754724955874
SENSOR-001,2026-01-01 16:25:00,22.156357453760933
SENSOR-001,2026-01-01 16:26:00,22.647858792071606
SENSOR-001,2026-01-01 16:27:00,22.22652197696211
SENSOR-001,2026-01-01 16:28:00,21.668992319675898
SENSOR-001,2026-01-01 16:29:00,22.224998488675666
SENSOR-001,2026-01-01 16:30:00,21.412465473981275
SENSOR-001,2026-01-01 16:31:00,21.586488686795683
SENSOR-001,2026-01-01 16:32:00,21.244140802597588
SENSOR-001,2026-01-01 16:33:00,21.082189803855965
SENSOR-001,2026-01-01 16:34:00,20.44532230173767
SENSOR-001,2026-01-01 16:35:00,20.355818094713204
SENSOR-001,2026-01-01 16:36:00,19.92146077414461
SENSOR-001,2026-01-01 16:37:00,19.9209599436042
SENSOR-001,2026-01-01 16:38:00,20.07228236770324
SENSOR-001,2026-01-01 16:39:00,19.6354139839158
