order_id,display_name,quantity,unit_price_cents,total_cents,ordered_at,shipped_at
ORD-000000,Jonathan Hunt,9,3660,32940,2026-01-06T00:00:00,2026-01-11T00:00:00
ORD-000001,Ashley Walker,4,9399,37596,2026-01-16T00:00:00,2026-01-18T00:00:00
ORD-000002,Kristie Logan,7,7163,50141,2026-06-16T00:00:00,2026-06-22T00:00:00
ORD-000003,Monica Tate,8,18113,144904,2026-05-25T00:00:00,2026-05-26T00:00:00
ORD-000004,Laurie Allen,9,13091,117819,2026-01-20T00:00:00,2026-01-22T00:00:00
ORD-000005,Ashley Montoya,2,19343,38686,2026-05-26T00:00:00,2026-06-02T00:00:00
ORD-000006,Robert Jennings,3,12754,38262,2026-05-01T00:00:00,2026-05-07T00:00:00
ORD-000007,Christine King,2,10352,20704,2026-05-09T00:00:00,2026-05-15T00:00:00
ORD-000008,Tanya Trujillo,7,9023,63161,2026-04-03T00:00:00,2026-04-05T00:00:00
ORD-000009,Ms. Angela Peterson DDS,2,5630,11260,2026-01-30T00:00:00,2026-01-31T00:00:00
ORD-000010,Jim Walter,9,10564,95076,2026-01-19T00:00:00,2026-01-22T00:00:00
ORD-000011,Laura Johnson,3,13297,39891,2026-06-16T00:00:00,2026-06-16T00:00:00
ORD-000012,Heidi Henderson,5,9009,45045,2026-07-18T00:00:00,2026-07-20T00:00:00
ORD-000013,Kevin Jimenez,2,3988,7976,2026-04-06T00:00:00,2026-04-10T00:00:00
ORD-000014,Jonathan Christensen,4,8763,35052,2026-05-13T00:00:00,2026-05-15T00:00:00
ORD-000015,Katherine Rangel,10,4267,42670,2026-07-07T00:00:00,2026-07-13T00:00:00
ORD-000016,Jason Howe,10,15970,159700,2026-04-16T00:00:00,2026-04-20T00:00:00
ORD-000017,Joseph Johnson,3,6967,20901,2026-04-03T00:00:00,2026-04-10T00:00:00
ORD-000018,Carl Williams,8,11311,90488,2026-04-30T00:00:00,2026-05-03T00:00:00
ORD-000019,Stacie Garcia,5,18019,90095,2026-01-01T00:00:00,2026-01-03T00:00:00
ORD-000020,Julie Olson,5,13950,69750,2026-03-24T00:00:00,2026-03-26T00:00:00
ORD-000021,Stephen Sims,1,5305,5305,2026-01-22T00:00:00,2026-01-27T00:00:00
ORD-000022,John Noble,5,4635,23175,2026-04-19T00:00:00,2026-04-22T00:00:00
ORD-000023,Ms. Kristin Santiago,5,11643,58215,2026-05-06T00:00:00,2026-05-07T00:00:00
ORD-000024,Robert Shaw,2,14652,29304,2026-07-14T00:00:00,2026-07-18T00:00:00
ORD-000025,Stephen Hamilton,5,12468,62340,2026-01-07T00:00:00,2026-01-09T00:00:00
ORD-000026,Derrick Johnson,4,8462,33848,2026-05-29T00:00:00,2026-06-01T00:00:00
ORD-000027,Linda Ellis,9,9452,85068,2026-01-07T00:00:00,2026-01-12T00:00:00
ORD-000028,Katherine Dorsey,8,11586,92688,2026-07-07T00:00:00,2026-07-10T00:00:00
ORD-000029,John Dixon,8,135,1080,2026-01-08T00:00:00,2026-01-14T00:00:00
ORD-000030,Rhonda Grant,9,10436,93924,2026-05-31T00:00:00,2026-06-02T00:00:00
ORD-000031,Sandra Stewart,8,10049,80392,2026-03-02T00:00:00,2026-03-02T00:00:00
ORD-000032,Annette Norris,2,18104,36208,2026-03-30T00:00:00,2026-04-06T00:00:00
ORD-000033,Kaylee Chavez,4,1268,5072,2026-02-21T00:00:00,2026-02-23T00:00:00
ORD-000034,Tracy Kirby,8,14629,117032,2026-05-28T00:00:00,2026-05-30T00:00:00
ORD-000035,Austin Adams,4,11384,45536,2026-05-02T00:00:00,2026-05-05T00:00:00
ORD-000036,Mr. Paul Jenkins MD,2,15507,31014,2026-04-15T00:00:00,2026-04-22T00:00:00
ORD-000037,Aaron Carpenter,10,17779,177790,2026-07-12T00:00:00,2026-07-16T00:00:00
ORD-000038,Angela Leon,3,3289,9867,2026-01-22T00:00:00,2026-01-29T00:00:00
ORD-000039,Marc Walton,3,570,1710,2026-01-08T00:00:00,2026-01-10T00:00:00
ORD-000040,Mary Reid,10,5704,57040,2026-01-21T00:00:00,2026-01-26T00:00:00
ORD-000041,Erik Aguilar,1,9799,9799,2026-01-18T00:00:00,2026-01-18T00:00:00
ORD-000042,Tiffany Vasquez,4,355,1420,2026-06-20T00:00:00,2026-06-24T00:00:00
ORD-000043,Brandy Walker,10,9881,98810,2026-04-22T00:00:00,2026-04-26T00:00:00
ORD-000044,Tina Liu,5,11324,56620,2026-04-25T00:00:00,2026-05-02T00:00:00
ORD-000045,Angela Barnett,4,18377,73508,2026-02-04T00:00:00,2026-02-05T00:00:00
ORD-000046,Rachel Herman,3,18849,56547,2026-02-18T00:00:00,2026-02-24T00:00:00
ORD-000047,Jason Morton,6,12817,76902,2026-01-16T00:00:00,2026-01-21T00:00:00
ORD-000048,Christina Smith,1,10967,10967,2026-06-07T00:00:00,2026-06-14T00:00:00
ORD-000049,Stephen Williams,10,4742,47420,2026-06-03T00:00:00,2026-06-07T00:00:00
ORD-000050,Hayden Hammond,8,16304,130432,2026-04-05T00:00:00,2026-04-06T00:00:00
ORD-000051,Jordan Murphy,8,12349,98792,2026-01-27T00:00:00,2026-01-30T00:00:00
ORD-000052,Gabriel Martinez,2,15344,30688,2026-03-08T00:00:00,2026-03-08T00:00:00
ORD-000053,Laura Ballard,3,12176,36528,2026-04-29T00:00:00,2026-05-05T00:00:00
ORD-000054,Joseph Hamilton,4,12604,50416,2026-07-08T00:00:00,2026-07-10T00:00:00
ORD-000055,Kyle Gregory,1,13150,13150,2026-05-01T00:00:00,2026-05-03T00:00:00
ORD-000056,James Gonzalez,6,13405,80430,2026-06-13T00:00:00,2026-06-14T00:00:00
ORD-000057,Amber Gardner,5,5672,28360,2026-03-08T00:00:00,2026-03-08T00:00:00
ORD-000058,Jodi Fischer,5,1769,8845,2026-07-05T00:00:00,2026-07-09T00:00:00
ORD-000059,Michael Rich,5,4711,23555,2026-07-07T00:00:00,2026-07-11T00:00:00
ORD-000060,Joseph Floyd,10,13226,132260,2026-07-18T00:00:00,2026-07-25T00:00:00
ORD-000061,Tina Martin,8,7166,57328,2026-06-05T00:00:00,2026-06-07T00:00:00
ORD-000062,Jean Coleman,9,6342,57078,2026-01-16T00:00:00,2026-01-16T00:00:00
ORD-000063,Blake Torres,5,13298,66490,2026-02-27T00:00:00,2026-03-05T00:00:00
ORD-000064,Dennis Jimenez,3,9513,28539,2026-03-09T00:00:00,2026-03-13T00:00:00
ORD-000065,Jennifer Mcdonald,2,19174,38348,2026-07-05T00:00:00,2026-07-10T00:00:00
ORD-000066,John Wilson,6,14926,89556,2026-04-04T00:00:00,2026-04-11T00:00:00
ORD-000067,Rebecca Cabrera,1,4394,4394,2026-04-02T00:00:00,2026-04-07T00:00:00
ORD-000068,Crystal Mckay,8,14376,115008,2026-07-08T00:00:00,2026-07-14T00:00:00
ORD-000069,Maria Russell,10,6941,69410,2026-05-20T00:00:00,2026-05-25T00:00:00
ORD-000070,Sarah Santiago,7,12128,84896,2026-04-16T00:00:00,2026-04-19T00:00:00
ORD-000071,Heather Moore,2,2123,4246,2026-01-01T00:00:00,2026-01-03T00:00:00
ORD-000072,Laura Ryan,4,19274,77096,2026-02-18T00:00:00,2026-02-19T00:00:00
ORD-000073,Mike Peters,1,2361,2361,2026-05-12T00:00:00,2026-05-14T00:00:00
ORD-000074,Cindy Phillips,7,2109,14763,2026-06-02T00:00:00,2026-06-04T00:00:00
ORD-000075,Justin Garcia,1,18298,18298,2026-03-13T00:00:00,2026-03-15T00:00:00
ORD-000076,Troy Jackson,1,11759,11759,2026-02-25T00:00:00,2026-02-26T00:00:00
ORD-000077,Olivia Bowen,7,13393,93751,2026-01-30T00:00:00,2026-01-31T00:00:00
ORD-000078,Mark Hunter,3,15817,47451,2026-02-23T00:00:00,2026-02-26T00:00:00
ORD-000079,Ryan Carter,2,3755,7510,2026-05-14T00:00:00,2026-05-20T00:00:00
ORD-000080,Dean Brown,9,11130,100170,2026-02-25T00:00:00,2026-02-28T00:00:00
ORD-000081,Steven Frank,2,4888,9776,2026-04-07T00:00:00,2026-04-13T00:00:00
ORD-000082,Alan Davis,3,7369,22107,2026-01-08T00:00:00,2026-01-08T00:00:00
ORD-000083,Bryce Jennings,6,19311,115866,2026-04-26T00:00:00,2026-04-26T00:00:00
ORD-000084,Taylor Bell,6,2497,14982,2026-05-19T00:00:00,2026-05-22T00:00:00
ORD-000085,Lisa Pena,4,4236,16944,2026-02-05T00:00:00,2026-02-07T00:00:00
ORD-000086,Tammy Stewart,5,11395,56975,2026-05-18T00:00:00,2026-05-25T00:00:00
ORD-000087,Joel Werner,1,18733,18733,2026-04-23T00:00:00,2026-04-23T00:00:00
ORD-000088,Melissa Callahan,9,17081,153729,2026-02-27T00:00:00,2026-02-28T00:00:00
ORD-000089,Tammy Price,4,16248,64992,2026-07-03T00:00:00,2026-07-05T00:00:00
ORD-000090,Heather Moss,5,14385,71925,2026-02-06T00:00:00,2026-02-11T00:00:00
ORD-000091,Alexander Dominguez,3,17026,51078,2026-01-27T00:00:00,2026-02-03T00:00:00
ORD-000092,Tyler Marsh,8,5582,44656,2026-06-11T00:00:00,2026-06-16T00:00:00
ORD-000093,Randall Flores,5,14812,74060,2026-05-18T00:00:00,2026-05-18T00:00:00
ORD-000094,Kimberly Peterson,3,13293,39879,2026-03-23T00:00:00,2026-03-25T00:00:00
ORD-000095,Mikayla Rodriguez,6,3313,19878,2026-07-16T00:00:00,2026-07-20T00:00:00
ORD-000096,Bailey Martinez,1,9291,9291,2026-05-29T00:00:00,2026-06-02T00:00:00
ORD-000097,Matthew Rios,6,12874,77244,2026-01-06T00:00:00,2026-01-09T00:00:00
ORD-000098,Kenneth Kelly,5,18113,90565,2026-04-27T00:00:00,2026-04-28T00:00:00
ORD-000099,David Fisher,9,5847,52623,2026-07-19T00:00:00,2026-07-21T00:00:00
ORD-000100,Calvin Daniels,9,15510,139590,2026-05-25T00:00:00,2026-05-30T00:00:00
ORD-000101,Taylor Sutton,1,4208,4208,2026-06-24T00:00:00,2026-06-29T00:00:00
ORD-000102,David Hernandez,5,15454,77270,2026-05-12T00:00:00,2026-05-18T00:00:00
ORD-000103,Donald Mendoza,6,1659,9954,2026-03-23T00:00:00,2026-03-24T00:00:00
ORD-000104,Ernest Raymond,9,17919,161271,2026-02-10T00:00:00,2026-02-17T00:00:00
ORD-000105,Sara Tran,4,4191,16764,2026-02-24T00:00:00,2026-02-28T00:00:00
ORD-000106,Tonya Palmer,3,5327,15981,2026-05-20T00:00:00,2026-05-23T00:00:00
ORD-000107,Mark Webster,7,516,3612,2026-01-20T00:00:00,2026-01-22T00:00:00
ORD-000108,Matthew Smith,4,5486,21944,2026-03-21T00:00:00,2026-03-28T00:00:00
ORD-000109,Julie Cordova,5,11801,59005,2026-06-07T00:00:00,2026-06-08T00:00:00
ORD-000110,Shannon Ho,2,8608,17216,2026-05-05T00:00:00,2026-05-08T00:00:00
ORD-000111,Jennifer Cherry,2,12784,25568,2026-07-04T00:00:00,2026-07-08T00:00:00
ORD-000112,Crystal Calderon,9,8478,76302,2026-03-22T00:00:00,2026-03-24T00:00:00
ORD-000113,Curtis Howard,6,11543,69258,2026-01-22T00:00:00,2026-01-29T00:00:00
ORD-000114,Kimberly Wells,2,11104,22208,2026-03-04T00:00:00,2026-03-11T00:00:00
ORD-000115,Lauren Lopez,7,403,2821,2026-01-06T00:00:00,2026-01-07T00:00:00
ORD-000116,Brittany English,9,17309,155781,2026-04-21T00:00:00,2026-04-25T00:00:00
ORD-000117,Robin Conley,7,9802,68614,2026-04-13T00:00:00,2026-04-15T00:00:00
ORD-000118,Rebecca Fowler,5,5976,29880,2026-05-30T00:00:00,2026-06-04T00:00:00
ORD-000119,Jake Simon,8,7378,59024,2026-03-21T00:00:00,2026-03-24T00:00:00
ORD-000120,Patrick Lutz,7,15560,108920,2026-01-02T00:00:00,2026-01-09T00:00:00
ORD-000121,Daniel Allison,9,19874,178866,2026-02-25T00:00:00,2026-02-28T00:00:00
ORD-000122,Laura Sosa,6,2849,17094,2026-03-13T00:00:00,2026-03-13T00:00:00
ORD-000123,Victor Black,2,9944,19888,2026-03-05T00:00:00,2026-03-05T00:00:00
ORD-000124,Brooke Hicks,9,2442,21978,2026-02-16T00:00:00,2026-02-17T00:00:00
ORD-000125,Nicholas Cook,6,19841,119046,2026-01-06T00:00:00,2026-01-07T00:00:00
ORD-000126,Andrew Watkins,4,2291,9164,2026-01-02T00:00:00,2026-01-09T00:00:00
ORD-000127,Carla Carter,3,12479,37437,2026-06-26T00:00:00,2026-07-01T00:00:00
ORD-000128,Heather Kaufman,1,7159,7159,2026-01-11T00:00:00,2026-01-18T00:00:00
ORD-000129,Paul Smith,5,19525,97625,2026-03-22T00:00:00,2026-03-26T00:00:00
ORD-000130,Karen Henderson,1,19739,19739,2026-06-21T00:00:00,2026-06-25T00:00:00
ORD-000131,Stephanie Werner,3,8851,26553,2026-03-29T00:00:00,2026-04-04T00:00:00
ORD-000132,Carolyn Black MD,3,12921,38763,2026-06-11T00:00:00,2026-06-12T00:00:00
ORD-000133,Carla Eaton,8,10347,82776,2026-02-10T00:00:00,2026-02-10T00:00:00
ORD-000134,Sonya Schneider,9,17526,157734,2026-01-13T00:00:00,2026-01-17T00:00:00
ORD-000135,James Richardson,1,1019,1019,2026-01-12T00:00:00,2026-01-19T00:00:00
ORD-000136,Christian Bishop,6,19989,119934,2026-06-04T00:00:00,2026-06-09T00:00:00
ORD-000137,William Washington,2,8683,17366,2026-04-23T00:00:00,2026-04-27T00:00:00
ORD-000138,Molly James,2,303,606,2026-05-03T00:00:00,2026-05-03T00:00:00
ORD-000139,Maria Bailey,10,6687,66870,2026-07-05T00:00:00,2026-07-08T00:00:00
ORD-000140,Barbara Stone,5,15144,75720,2026-06-29T00:00:00,2026-06-30T00:00:00
ORD-000141,Melinda Bryant,5,2410,12050,2026-05-21T00:00:00,2026-05-26T00:00:00
ORD-000142,Angela Maxwell,2,17772,35544,2026-07-16T00:00:00,2026-07-23T00:00:00
ORD-000143,Johnny Collins,9,14864,133776,2026-02-25T00:00:00,2026-03-04T00:00:00
ORD-000144,Courtney Nguyen,4,10490,41960,2026-05-21T00:00:00,2026-05-27T00:00:00
ORD-000145,Evelyn Meadows,4,8402,33608,2026-04-06T00:00:00,2026-04-08T00:00:00
ORD-000146,Shannon Powell,4,18226,72904,2026-02-18T00:00:00,2026-02-21T00:00:00
ORD-000147,Robert Robinson,2,14955,29910,2026-06-11T00:00:00,2026-06-14T00:00:00
ORD-000148,Hannah Cobb,1,2333,2333,2026-02-20T00:00:00,2026-02-21T00:00:00
ORD-000149,Robert James,3,10251,30753,2026-04-27T00:00:00,2026-05-02T00:00:00
ORD-000150,Patrick Douglas,10,14876,148760,2026-04-05T00:00:00,2026-04-07T00:00:00
ORD-000151,Derek Houston,9,283,2547,2026-05-27T00:00:00,2026-05-31T00:00:00
ORD-000152,Ryan Wallace,5,3872,19360,2026-02-26T00:00:00,2026-02-28T00:00:00
ORD-000153,Mark Young,1,11372,11372,2026-04-24T00:00:00,2026-04-27T00:00:00
ORD-000154,Kristina Martinez,10,9234,92340,2026-01-15T00:00:00,2026-01-15T00:00:00
ORD-000155,Jimmy Morales,4,3742,14968,2026-06-22T00:00:00,2026-06-28T00:00:00
ORD-000156,Mitchell Craig,10,10286,102860,2026-04-08T00:00:00,2026-04-15T00:00:00
ORD-000157,Michael Livingston,7,17161,120127,2026-02-08T00:00:00,2026-02-09T00:00:00
ORD-000158,Sarah Cisneros,1,8052,8052,2026-06-07T00:00:00,2026-06-11T00:00:00
ORD-000159,Kimberly Clark,6,2040,12240,2026-01-26T00:00:00,2026-01-26T00:00:00
ORD-000160,Gary Livingston,4,16846,67384,2026-05-28T00:00:00,2026-06-03T00:00:00
ORD-000161,Alexandra Hansen,3,7727,23181,2026-07-11T00:00:00,2026-07-16T00:00:00
ORD-000162,Geoffrey Newman,7,10407,72849,2026-01-22T00:00:00,2026-01-27T00:00:00
ORD-000163,Richard Alvarez,4,6372,25488,2026-05-25T00:00:00,2026-05-28T00:00:00
ORD-000164,Gina Johnson,2,17870,35740,2026-03-20T00:00:00,2026-03-26T00:00:00
ORD-000165,Bryan Christian,5,6268,31340,2026-06-10T00:00:00,2026-06-17T00:00:00
ORD-000166,Albert Clark,4,8034,32136,2026-04-21T00:00:00,2026-04-26T00:00:00
ORD-000167,Donald Mccoy,6,14259,85554,2026-06-15T00:00:00,2026-06-18T00:00:00
ORD-000168,Michael Ryan,9,16559,149031,2026-07-15T00:00:00,2026-07-18T00:00:00
ORD-000169,Brendan Rivera,9,19218,172962,2026-07-08T00:00:00,2026-07-15T00:00:00
ORD-000170,John Obrien,4,18016,72064,2026-03-29T00:00:00,2026-04-05T00:00:00
ORD-000171,Eric Bradley,9,3026,27234,2026-01-26T00:00:00,2026-01-31T00:00:00
ORD-000172,Melanie Hansen,3,14848,44544,2026-06-06T00:00:00,2026-06-10T00:00:00
ORD-000173,Devin Barnes,8,10632,85056,2026-04-24T00:00:00,2026-04-25T00:00:00
ORD-000174,Nicholas Hinton,6,3299,19794,2026-05-05T00:00:00,2026-05-11T00:00:00
ORD-000175,Susan Barrett MD,8,3077,24616,2026-06-07T00:00:00,2026-06-12T00:00:00
ORD-000176,Lawrence Scott,2,1633,3266,2026-05-11T00:00:00,2026-05-14T00:00:00
ORD-000177,Sara Johnson,5,577,2885,2026-02-17T00:00:00,2026-02-22T00:00:00
ORD-000178,Alex Lamb III,7,5929,41503,2026-03-10T00:00:00,2026-03-13T00:00:00
ORD-000179,Christina Hill,4,5800,23200,2026-03-04T00:00:00,2026-03-08T00:00:00
ORD-000180,Jennifer Robinson,6,13187,79122,2026-02-19T00:00:00,2026-02-20T00:00:00
ORD-000181,Jason Brown,4,15564,62256,2026-06-17T00:00:00,2026-06-23T00:00:00
ORD-000182,Mary Fleming,4,18850,75400,2026-04-25T00:00:00,2026-04-28T00:00:00
ORD-000183,Elizabeth Olson,6,17476,104856,2026-03-28T00:00:00,2026-03-28T00:00:00
ORD-000184,Jordan Boyd,4,19879,79516,2026-04-03T00:00:00,2026-04-04T00:00:00
ORD-000185,Evan Morgan,9,7539,67851,2026-03-05T00:00:00,2026-03-05T00:00:00
ORD-000186,William Boyer,10,16720,167200,2026-03-19T00:00:00,2026-03-22T00:00:00
ORD-000187,David Meza,3,19252,57756,2026-07-03T00:00:00,2026-07-04T00:00:00
ORD-000188,Kelly Reyes,3,17848,53544,2026-02-13T00:00:00,2026-02-15T00:00:00
ORD-000189,Leon Lewis,9,4802,43218,2026-06-19T00:00:00,2026-06-24T00:00:00
ORD-000190,Daniel Romero,2,700,1400,2026-02-04T00:00:00,2026-02-08T00:00:00
ORD-000191,Kayla Conner,10,9525,95250,2026-01-26T00:00:00,2026-01-26T00:00:00
ORD-000192,Shane Burns,2,8740,17480,2026-03-30T00:00:00,2026-04-01T00:00:00
ORD-000193,Sara Nguyen,7,5048,35336,2026-02-20T00:00:00,2026-02-27T00:00:00
ORD-000194,Jenna Gilbert DDS,6,12006,72036,2026-04-25T00:00:00,2026-04-26T00:00:00
ORD-000195,Juan Petty,6,15167,91002,2026-01-09T00:00:00,2026-01-11T00:00:00
ORD-000196,Bonnie Cabrera,3,12017,36051,2026-07-01T00:00:00,2026-07-04T00:00:00
ORD-000197,Amy Estrada,1,12807,12807,2026-03-03T00:00:00,2026-03-08T00:00:00
ORD-000198,Richard Everett,2,5742,11484,2026-03-19T00:00:00,2026-03-25T00:00:00
ORD-000199,Derek Fernandez,6,12401,74406,2026-05-22T00:00:00,2026-05-26T00:00:00
ORD-000200,Jim Lopez,9,4438,39942,2026-05-08T00:00:00,2026-05-10T00:00:00
ORD-000201,Cody Moore,6,7968,47808,2026-07-03T00:00:00,2026-07-03T00:00:00
ORD-000202,Katherine Payne,6,1189,7134,2026-03-14T00:00:00,2026-03-19T00:00:00
ORD-000203,Daniel Diaz,3,6398,19194,2026-05-16T00:00:00,2026-05-21T00:00:00
ORD-000204,Julie Burgess,7,1589,11123,2026-03-09T00:00:00,2026-03-14T00:00:00
ORD-000205,Frederick Espinoza,9,4362,39258,2026-03-20T00:00:00,2026-03-26T00:00:00
ORD-000206,Adam Davis,2,18140,36280,2026-03-17T00:00:00,2026-03-22T00:00:00
ORD-000207,Michele Li,5,7946,39730,2026-03-17T00:00:00,2026-03-17T00:00:00
ORD-000208,Peter Martin,10,15246,152460,2026-07-04T00:00:00,2026-07-08T00:00:00
ORD-000209,Robert Henderson,10,1737,17370,2026-03-13T00:00:00,2026-03-17T00:00:00
ORD-000210,Roy Jackson,5,222,1110,2026-01-21T00:00:00,2026-01-24T00:00:00
ORD-000211,Walter Lewis,9,12304,110736,2026-02-27T00:00:00,2026-03-05T00:00:00
ORD-000212,William Henderson,9,5883,52947,2026-07-03T00:00:00,2026-07-04T00:00:00
ORD-000213,Scott Bush,6,6689,40134,2026-05-24T00:00:00,2026-05-24T00:00:00
ORD-000214,Lori Alexander,1,18637,18637,2026-02-05T00:00:00,2026-02-12T00:00:00
ORD-000215,Lisa Davis,7,12083,84581,2026-05-26T00:00:00,2026-05-26T00:00:00
ORD-000216,Nancy Wilson,1,1764,1764,2026-01-05T00:00:00,2026-01-12T00:00:00
ORD-000217,Miguel Dean,5,2587,12935,2026-03-05T00:00:00,2026-03-06T00:00:00
ORD-000218,Christopher Davidson,10,15731,157310,2026-01-02T00:00:00,2026-01-04T00:00:00
ORD-000219,Travis Bird,7,8290,58030,2026-02-14T00:00:00,2026-02-17T00:00:00
ORD-000220,Wesley Wong,5,14032,70160,2026-04-21T00:00:00,2026-04-24T00:00:00
ORD-000221,Rachel Mitchell,7,16263,113841,2026-01-19T00:00:00,2026-01-22T00:00:00
ORD-000222,Adam Meyer,8,5880,47040,2026-06-23T00:00:00,2026-06-24T00:00:00
ORD-000223,Sara Freeman,1,15125,15125,2026-06-02T00:00:00,2026-06-03T00:00:00
ORD-000224,Ricky Castro,10,12217,122170,2026-01-08T00:00:00,2026-01-12T00:00:00
ORD-000225,Joy Franklin,4,19269,77076,2026-02-24T00:00:00,2026-02-24T00:00:00
ORD-000226,Tara Santiago,9,4229,38061,2026-03-07T00:00:00,2026-03-12T00:00:00
ORD-000227,David Fleming,4,6685,26740,2026-04-10T00:00:00,2026-04-11T00:00:00
ORD-000228,Gregory Mckenzie,6,17918,107508,2026-07-18T00:00:00,2026-07-23T00:00:00
ORD-000229,Kerri Garcia,6,4529,27174,2026-06-24T00:00:00,2026-06-24T00:00:00
ORD-000230,Andrew Lawrence,8,16864,134912,2026-04-03T00:00:00,2026-04-07T00:00:00
ORD-000231,Thomas Elliott,9,18599,167391,2026-01-07T00:00:00,2026-01-11T00:00:00
ORD-000232,Matthew Andrews,5,4694,23470,2026-06-22T00:00:00,2026-06-23T00:00:00
ORD-000233,John Johnson,4,8416,33664,2026-02-15T00:00:00,2026-02-20T00:00:00
ORD-000234,Brandy Garcia,7,185,1295,2026-02-01T00:00:00,2026-02-04T00:00:00
ORD-000235,Joseph Scott,9,8136,73224,2026-03-27T00:00:00,2026-04-01T00:00:00
ORD-000236,Nicole Jones,8,3979,31832,2026-05-15T00:00:00,2026-05-22T00:00:00
ORD-000237,Barbara Maynard,9,6569,59121,2026-06-03T00:00:00,2026-06-09T00:00:00
ORD-000238,Michelle Parker,2,16570,33140,2026-07-05T00:00:00,2026-07-12T00:00:00
ORD-000239,Frank Mosley,9,5250,47250,2026-04-10T00:00:00,2026-04-16T00:00:00
ORD-000240,Jennifer Palmer,1,4687,4687,2026-02-11T00:00:00,2026-02-14T00:00:00
ORD-000241,Jennifer Burns,2,3636,7272,2026-07-17T00:00:00,2026-07-20T00:00:00
ORD-000242,Jessica Mack,9,1596,14364,2026-01-11T00:00:00,2026-01-18T00:00:00
ORD-000243,Leslie Webb,10,358,3580,2026-02-18T00:00:00,2026-02-21T00:00:00
ORD-000244,Tony Cruz,7,16778,117446,2026-01-02T00:00:00,2026-01-03T00:00:00
ORD-000245,John Taylor,1,11982,11982,2026-04-19T00:00:00,2026-04-23T00:00:00
ORD-000246,Joseph Adams,3,15175,45525,2026-07-02T00:00:00,2026-07-07T00:00:00
ORD-000247,Nicolas Johnson,10,16518,165180,2026-01-17T00:00:00,2026-01-23T00:00:00
ORD-000248,Kelly Ashley,7,11699,81893,2026-02-10T00:00:00,2026-02-12T00:00:00
ORD-000249,Jacob Robinson,4,2237,8948,2026-03-08T00:00:00,2026-03-09T00:00:00
ORD-000250,Christopher Sullivan,5,17437,87185,2026-05-29T00:00:00,2026-05-31T00:00:00
ORD-000251,Brian Fritz,6,17892,107352,2026-07-09T00:00:00,2026-07-11T00:00:00
ORD-000252,Aaron Gonzalez,4,1239,4956,2026-06-03T00:00:00,2026-06-05T00:00:00
ORD-000253,Robert Warren,4,7754,31016,2026-01-20T00:00:00,2026-01-20T00:00:00
ORD-000254,Angela Jackson,6,8652,51912,2026-03-07T00:00:00,2026-03-13T00:00:00
ORD-000255,Colleen Wilkinson,3,8335,25005,2026-03-05T00:00:00,2026-03-08T00:00:00
ORD-000256,Kristina Lam,2,19976,39952,2026-02-28T00:00:00,2026-03-01T00:00:00
ORD-000257,Amanda Choi,7,10924,76468,2026-05-29T00:00:00,2026-06-05T00:00:00
ORD-000258,Melissa Randall,7,9965,69755,2026-03-06T00:00:00,2026-03-10T00:00:00
ORD-000259,Taylor Krueger,10,10980,109800,2026-04-21T00:00:00,2026-04-21T00:00:00
ORD-000260,Tracy Santos,5,14351,71755,2026-06-14T00:00:00,2026-06-21T00:00:00
ORD-000261,Amber Davis,7,18539,129773,2026-01-13T00:00:00,2026-01-17T00:00:00
ORD-000262,Diana Smith,3,7115,21345,2026-07-09T00:00:00,2026-07-14T00:00:00
ORD-000263,Amanda Middleton,5,18898,94490,2026-03-21T00:00:00,2026-03-28T00:00:00
ORD-000264,Michael Payne,3,5731,17193,2026-05-09T00:00:00,2026-05-16T00:00:00
ORD-000265,Kellie Fernandez,1,14633,14633,2026-03-24T00:00:00,2026-03-30T00:00:00
ORD-000266,Anthony Bell MD,8,3433,27464,2026-05-15T00:00:00,2026-05-22T00:00:00
ORD-000267,David Smith,2,15095,30190,2026-01-22T00:00:00,2026-01-23T00:00:00
ORD-000268,Brandon Leonard,3,10848,32544,2026-06-06T00:00:00,2026-06-06T00:00:00
ORD-000269,David Hansen,1,14520,14520,2026-03-06T00:00:00,2026-03-10T00:00:00
ORD-000270,Gabrielle Ramirez,5,11608,58040,2026-03-08T00:00:00,2026-03-14T00:00:00
ORD-000271,Caroline Davis,2,15418,30836,2026-03-27T00:00:00,2026-03-27T00:00:00
ORD-000272,Paul Anderson,10,15267,152670,2026-01-31T00:00:00,2026-02-04T00:00:00
ORD-000273,Shari Maxwell,2,3856,7712,2026-03-01T00:00:00,2026-03-03T00:00:00
ORD-000274,Kara Steele,10,10233,102330,2026-03-25T00:00:00,2026-03-31T00:00:00
ORD-000275,Erica Simpson,1,17650,17650,2026-01-08T00:00:00,2026-01-08T00:00:00
ORD-000276,Aaron Gray,1,8899,8899,2026-07-15T00:00:00,2026-07-21T00:00:00
ORD-000277,Kathleen Barnes,1,12087,12087,2026-07-07T00:00:00,2026-07-13T00:00:00
ORD-000278,Kayla Kelly,3,11986,35958,2026-03-12T00:00:00,2026-03-13T00:00:00
ORD-000279,Leslie Santos,9,10107,90963,2026-04-06T00:00:00,2026-04-10T00:00:00
ORD-000280,James Sanchez,3,17893,53679,2026-04-30T00:00:00,2026-05-02T00:00:00
ORD-000281,Michael Frazier,6,4776,28656,2026-04-08T00:00:00,2026-04-13T00:00:00
ORD-000282,Elizabeth Schmidt,9,8450,76050,2026-05-24T00:00:00,2026-05-27T00:00:00
ORD-000283,Grace Doyle,1,19535,19535,2026-06-23T00:00:00,2026-06-28T00:00:00
ORD-000284,Leslie Sanchez,1,13470,13470,2026-02-17T00:00:00,2026-02-24T00:00:00
ORD-000285,Tom Lawson,1,14354,14354,2026-03-20T00:00:00,2026-03-27T00:00:00
ORD-000286,Mary Wilson,8,12703,101624,2026-04-15T00:00:00,2026-04-19T00:00:00
ORD-000287,Louis Collins,7,5756,40292,2026-04-18T00:00:00,2026-04-19T00:00:00
ORD-000288,David Wallace,3,10677,32031,2026-05-07T00:00:00,2026-05-07T00:00:00
ORD-000289,Chris Schultz,10,3449,34490,2026-04-21T00:00:00,2026-04-26T00:00:00
ORD-000290,Kevin Davis,3,13613,40839,2026-04-12T00:00:00,2026-04-12T00:00:00
ORD-000291,Jill Jones,9,3347,30123,2026-01-25T00:00:00,2026-01-29T00:00:00
ORD-000292,Donald Hammond,2,8212,16424,2026-01-07T00:00:00,2026-01-11T00:00:00
ORD-000293,Sandra King,9,2661,23949,2026-04-25T00:00:00,2026-05-01T00:00:00
ORD-000294,Jennifer Phillips,3,5253,15759,2026-04-02T00:00:00,2026-04-04T00:00:00
ORD-000295,Christopher Salazar,1,9042,9042,2026-07-03T00:00:00,2026-07-07T00:00:00
ORD-000296,Daniel Lyons,4,19613,78452,2026-01-18T00:00:00,2026-01-19T00:00:00
ORD-000297,Olivia Powell,10,3331,33310,2026-06-12T00:00:00,2026-06-13T00:00:00
ORD-000298,Mary Martin,3,15517,46551,2026-05-11T00:00:00,2026-05-14T00:00:00
ORD-000299,James Guzman,3,18547,55641,2026-04-03T00:00:00,2026-04-03T00:00:00
ORD-000300,Jennifer Jensen,8,10678,85424,2026-02-03T00:00:00,2026-02-09T00:00:00
ORD-000301,Joshua Arellano,6,10191,61146,2026-06-19T00:00:00,2026-06-22T00:00:00
ORD-000302,Hannah Nielsen,1,16249,16249,2026-02-11T00:00:00,2026-02-15T00:00:00
ORD-000303,Jordan Johnson,5,18140,90700,2026-01-05T00:00:00,2026-01-06T00:00:00
ORD-000304,Christie Jackson,4,12009,48036,2026-02-13T00:00:00,2026-02-18T00:00:00
ORD-000305,Kevin Wallace,2,18152,36304,2026-07-07T00:00:00,2026-07-07T00:00:00
ORD-000306,Jonathan Brown,7,16134,112938,2026-03-12T00:00:00,2026-03-17T00:00:00
ORD-000307,Andrew Carlson,9,17226,155034,2026-04-27T00:00:00,2026-05-01T00:00:00
ORD-000308,Edward Gutierrez,2,9130,18260,2026-05-25T00:00:00,2026-05-31T00:00:00
ORD-000309,Miss Kimberly Calderon,4,5755,23020,2026-05-23T00:00:00,2026-05-23T00:00:00
ORD-000310,Donna Ortega,3,15025,45075,2026-05-15T00:00:00,2026-05-21T00:00:00
ORD-000311,Katie Decker,8,16591,132728,2026-03-06T00:00:00,2026-03-09T00:00:00
ORD-000312,James Walker,7,14680,102760,2026-03-17T00:00:00,2026-03-22T00:00:00
ORD-000313,Jeffrey Dean,2,5842,11684,2026-05-14T00:00:00,2026-05-20T00:00:00
ORD-000314,Sarah Mcbride,1,19288,19288,2026-06-07T00:00:00,2026-06-09T00:00:00
ORD-000315,Jamie Boyer,7,5541,38787,2026-01-23T00:00:00,2026-01-27T00:00:00
ORD-000316,Alyssa Young,9,17569,158121,2026-01-16T00:00:00,2026-01-20T00:00:00
ORD-000317,Luke Kennedy,1,19404,19404,2026-03-24T00:00:00,2026-03-31T00:00:00
ORD-000318,Jessica Lopez,6,14244,85464,2026-01-04T00:00:00,2026-01-09T00:00:00
ORD-000319,Bradley Garcia,6,3643,21858,2026-03-31T00:00:00,2026-04-02T00:00:00
ORD-000320,Bryce Guzman,1,16222,16222,2026-05-16T00:00:00,2026-05-19T00:00:00
ORD-000321,Wendy Sims,4,4638,18552,2026-06-02T00:00:00,2026-06-02T00:00:00
ORD-000322,Frank Merritt,6,4538,27228,2026-01-16T00:00:00,2026-01-20T00:00:00
ORD-000323,Austin Peterson,3,18491,55473,2026-05-22T00:00:00,2026-05-25T00:00:00
ORD-000324,Mark Garcia,10,15812,158120,2026-04-10T00:00:00,2026-04-11T00:00:00
ORD-000325,Robert Sawyer,1,16473,16473,2026-04-05T00:00:00,2026-04-12T00:00:00
ORD-000326,Karla Wheeler,5,10101,50505,2026-06-15T00:00:00,2026-06-18T00:00:00
ORD-000327,Gregory Hernandez,6,18172,109032,2026-02-17T00:00:00,2026-02-18T00:00:00
ORD-000328,Scott Garcia,10,18421,184210,2026-07-16T00:00:00,2026-07-23T00:00:00
ORD-000329,Dr. Jessica Valentine MD,1,19156,19156,2026-02-01T00:00:00,2026-02-08T00:00:00
ORD-000330,Jenny Frey,7,10562,73934,2026-04-01T00:00:00,2026-04-06T00:00:00
ORD-000331,Antonio Alvarez,7,10707,74949,2026-01-17T00:00:00,2026-01-19T00:00:00
ORD-000332,Yolanda Russell,2,19814,39628,2026-06-18T00:00:00,2026-06-18T00:00:00
ORD-000333,Barry Marquez,7,5105,35735,2026-04-12T00:00:00,2026-04-19T00:00:00
ORD-000334,Jessica Bell,6,19051,114306,2026-03-06T00:00:00,2026-03-08T00:00:00
ORD-000335,Scott Morrison,9,19996,179964,2026-05-11T00:00:00,2026-05-17T00:00:00
ORD-000336,Deanna Solis,5,15560,77800,2026-02-05T00:00:00,2026-02-09T00:00:00
ORD-000337,Melissa Diaz,8,7946,63568,2026-02-25T00:00:00,2026-02-25T00:00:00
ORD-000338,Jennifer Schultz,5,7375,36875,2026-05-12T00:00:00,2026-05-14T00:00:00
ORD-000339,Lisa Flores,8,1721,13768,2026-07-18T00:00:00,2026-07-18T00:00:00
ORD-000340,Sharon Collins,4,5341,21364,2026-06-09T00:00:00,2026-06-12T00:00:00
ORD-000341,Lisa White,8,15505,124040,2026-05-10T00:00:00,2026-05-14T00:00:00
ORD-000342,Andrew Lynch,6,10865,65190,2026-06-05T00:00:00,2026-06-11T00:00:00
ORD-000343,Donna Rodgers,5,16976,84880,2026-01-04T00:00:00,2026-01-07T00:00:00
ORD-000344,Christine Randolph,7,12183,85281,2026-03-23T00:00:00,2026-03-30T00:00:00
ORD-000345,Jessica Howard,1,1688,1688,2026-04-04T00:00:00,2026-04-08T00:00:00
ORD-000346,Tiffany Collins,5,15553,77765,2026-05-09T00:00:00,2026-05-12T00:00:00
ORD-000347,Danielle Lowery,3,15024,45072,2026-04-09T00:00:00,2026-04-15T00:00:00
ORD-000348,Gail Flores,3,15311,45933,2026-05-21T00:00:00,2026-05-25T00:00:00
ORD-000349,Margaret Guerrero,10,14515,145150,2026-07-05T00:00:00,2026-07-10T00:00:00
ORD-000350,Jeff Murray,3,7729,23187,2026-06-27T00:00:00,2026-06-27T00:00:00
ORD-000351,Brian Watson,10,19000,190000,2026-06-17T00:00:00,2026-06-20T00:00:00
ORD-000352,Jessica Frazier,7,6040,42280,2026-02-06T00:00:00,2026-02-08T00:00:00
ORD-000353,Laura Howard,9,8050,72450,2026-05-24T00:00:00,2026-05-28T00:00:00
ORD-000354,Jasmine Bell,10,10403,104030,2026-03-30T00:00:00,2026-04-02T00:00:00
ORD-000355,John Ward,7,1647,11529,2026-07-12T00:00:00,2026-07-19T00:00:00
ORD-000356,Larry Shields,2,412,824,2026-06-25T00:00:00,2026-07-02T00:00:00
ORD-000357,William Mcguire,5,732,3660,2026-01-21T00:00:00,2026-01-25T00:00:00
ORD-000358,Gary Green,10,15731,157310,2026-01-06T00:00:00,2026-01-11T00:00:00
ORD-000359,Sean Mckinney,9,14144,127296,2026-03-29T00:00:00,2026-03-29T00:00:00
ORD-000360,Daniel Miller,8,17295,138360,2026-04-20T00:00:00,2026-04-25T00:00:00
ORD-000361,Michael Mcconnell,2,18841,37682,2026-03-13T00:00:00,2026-03-20T00:00:00
ORD-000362,Kimberly Garcia,2,15118,30236,2026-05-31T00:00:00,2026-06-06T00:00:00
ORD-000363,Kelli Williamson,3,19225,57675,2026-03-24T00:00:00,2026-03-29T00:00:00
ORD-000364,Brian Barnes,1,12273,12273,2026-02-21T00:00:00,2026-02-25T00:00:00
ORD-000365,Zachary Velez,8,10504,84032,2026-01-15T00:00:00,2026-01-20T00:00:00
ORD-000366,Andrea Lawrence,4,12531,50124,2026-05-18T00:00:00,2026-05-18T00:00:00
ORD-000367,Jasmine Taylor,3,3070,9210,2026-05-19T00:00:00,2026-05-22T00:00:00
ORD-000368,Kristina Johnson,1,5823,5823,2026-07-11T00:00:00,2026-07-16T00:00:00
ORD-000369,Donna Nielsen,4,19815,79260,2026-05-15T00:00:00,2026-05-17T00:00:00
ORD-000370,Sandra Alexander,2,16233,32466,2026-03-03T00:00:00,2026-03-05T00:00:00
ORD-000371,Jennifer Hernandez,3,14504,43512,2026-01-30T00:00:00,2026-01-30T00:00:00
ORD-000372,Victoria Martin,6,12516,75096,2026-05-08T00:00:00,2026-05-12T00:00:00
ORD-000373,Anthony Chavez,3,16599,49797,2026-07-16T00:00:00,2026-07-16T00:00:00
ORD-000374,Samantha Alexander,4,10483,41932,2026-03-25T00:00:00,2026-03-31T00:00:00
ORD-000375,Rachel Mitchell,10,13926,139260,2026-03-21T00:00:00,2026-03-22T00:00:00
ORD-000376,Rebecca Jordan,8,17082,136656,2026-07-12T00:00:00,2026-07-13T00:00:00
ORD-000377,Patrick Warren,7,1566,10962,2026-07-10T00:00:00,2026-07-10T00:00:00
ORD-000378,Frank Hines,8,15707,125656,2026-04-02T00:00:00,2026-04-08T00:00:00
ORD-000379,Amanda Garcia,1,17625,17625,2026-03-13T00:00:00,2026-03-19T00:00:00
ORD-000380,Billy Myers,2,17892,35784,2026-01-31T00:00:00,2026-02-07T00:00:00
ORD-000381,Zachary Richardson,3,10790,32370,2026-05-18T00:00:00,2026-05-23T00:00:00
ORD-000382,Destiny Robinson,6,19074,114444,2026-05-01T00:00:00,2026-05-05T00:00:00
ORD-000383,Brandon Ryan,1,4891,4891,2026-04-02T00:00:00,2026-04-09T00:00:00
ORD-000384,Joshua Norris,6,1108,6648,2026-02-11T00:00:00,2026-02-15T00:00:00
ORD-000385,Gregory Bowers,2,18597,37194,2026-02-10T00:00:00,2026-02-15T00:00:00
ORD-000386,Chase Tran,8,12149,97192,2026-04-26T00:00:00,2026-04-29T00:00:00
ORD-000387,Jeanette Chapman,2,5524,11048,2026-04-01T00:00:00,2026-04-05T00:00:00
ORD-000388,Corey Wolf,9,14798,133182,2026-07-16T00:00:00,2026-07-20T00:00:00
ORD-000389,Kara Blankenship,5,15351,76755,2026-04-07T00:00:00,2026-04-14T00:00:00
ORD-000390,Lisa Mitchell,6,12825,76950,2026-07-07T00:00:00,2026-07-12T00:00:00
ORD-000391,Ms. Virginia Reed,4,17001,68004,2026-07-05T00:00:00,2026-07-09T00:00:00
ORD-000392,Michelle Wells,9,5838,52542,2026-04-08T00:00:00,2026-04-14T00:00:00
ORD-000393,Sylvia Hernandez,2,16514,33028,2026-07-03T00:00:00,2026-07-10T00:00:00
ORD-000394,Steve Rush,2,521,1042,2026-03-14T00:00:00,2026-03-18T00:00:00
ORD-000395,Christine Martinez,6,1318,7908,2026-05-13T00:00:00,2026-05-16T00:00:00
ORD-000396,Samantha Jones,4,9601,38404,2026-04-23T00:00:00,2026-04-24T00:00:00
ORD-000397,Edwin Mata,8,19984,159872,2026-03-13T00:00:00,2026-03-18T00:00:00
ORD-000398,Sandra Howe,1,7783,7783,2026-04-22T00:00:00,2026-04-28T00:00:00
ORD-000399,Jeffrey Walter,4,5011,20044,2026-06-23T00:00:00,2026-06-25T00:00:00
ORD-000400,Teresa Smith,3,15550,46650,2026-01-18T00:00:00,2026-01-23T00:00:00
ORD-000401,Mrs. Lori Flores,5,15718,78590,2026-06-20T00:00:00,2026-06-23T00:00:00
ORD-000402,William Massey,3,3777,11331,2026-05-25T00:00:00,2026-05-28T00:00:00
ORD-000403,Kimberly Gilbert,9,14840,133560,2026-07-19T00:00:00,2026-07-25T00:00:00
ORD-000404,Ryan Johnston,10,18055,180550,2026-07-02T00:00:00,2026-07-09T00:00:00
ORD-000405,Michael Vaughn Jr.,4,6333,25332,2026-04-30T00:00:00,2026-05-06T00:00:00
ORD-000406,Shelly Harris,2,19971,39942,2026-03-02T00:00:00,2026-03-04T00:00:00
ORD-000407,Kristen Warren,4,200,800,2026-03-21T00:00:00,2026-03-22T00:00:00
ORD-000408,Kimberly Hines,9,15576,140184,2026-05-07T00:00:00,2026-05-13T00:00:00
ORD-000409,Stacie Cobb,2,5269,10538,2026-06-26T00:00:00,2026-07-03T00:00:00
ORD-000410,Timothy Williams,3,4805,14415,2026-01-24T00:00:00,2026-01-29T00:00:00
ORD-000411,Kaitlyn Dillon,7,3771,26397,2026-05-04T00:00:00,2026-05-10T00:00:00
ORD-000412,Bryan Sexton,3,1111,3333,2026-02-14T00:00:00,2026-02-18T00:00:00
ORD-000413,Tina Baker,6,7044,42264,2026-04-22T00:00:00,2026-04-27T00:00:00
ORD-000414,Darius Clark,10,17748,177480,2026-05-17T00:00:00,2026-05-19T00:00:00
ORD-000415,Mrs. Melinda Martinez,4,19027,76108,2026-03-08T00:00:00,2026-03-11T00:00:00
ORD-000416,Kelsey Bell,10,8058,80580,2026-06-07T00:00:00,2026-06-08T00:00:00
ORD-000417,Robert Day,4,1207,4828,2026-06-18T00:00:00,2026-06-18T00:00:00
ORD-000418,Meredith Turner,9,17018,153162,2026-02-02T00:00:00,2026-02-02T00:00:00
ORD-000419,Jeffrey Henderson,10,13001,130010,2026-04-27T00:00:00,2026-05-01T00:00:00
ORD-000420,Jeffrey Davis,8,11786,94288,2026-06-01T00:00:00,2026-06-04T00:00:00
ORD-000421,Jacob Lewis,1,1372,1372,2026-05-31T00:00:00,2026-06-01T00:00:00
ORD-000422,Linda Saunders,2,13922,27844,2026-02-01T00:00:00,2026-02-08T00:00:00
ORD-000423,Deborah Stewart,4,9696,38784,2026-03-28T00:00:00,2026-03-31T00:00:00
ORD-000424,Monique Aguirre,7,16685,116795,2026-02-18T00:00:00,2026-02-18T00:00:00
ORD-000425,Erin Davis,8,12012,96096,2026-03-31T00:00:00,2026-04-07T00:00:00
ORD-000426,Derrick Miller,4,8658,34632,2026-06-22T00:00:00,2026-06-24T00:00:00
ORD-000427,Nathan Perez,10,7511,75110,2026-05-27T00:00:00,2026-05-31T00:00:00
ORD-000428,Jared Skinner,8,17647,141176,2026-02-01T00:00:00,2026-02-06T00:00:00
ORD-000429,Donald Woodward,5,6915,34575,2026-06-03T00:00:00,2026-06-06T00:00:00
ORD-000430,Donna Davis,2,12737,25474,2026-07-09T00:00:00,2026-07-14T00:00:00
ORD-000431,Roy Strickland,4,2366,9464,2026-02-22T00:00:00,2026-02-26T00:00:00
ORD-000432,Robert Hodges,3,14966,44898,2026-03-16T00:00:00,2026-03-17T00:00:00
ORD-000433,Kayla Garner,7,15540,108780,2026-06-27T00:00:00,2026-06-28T00:00:00
ORD-000434,Bryan Jennings,9,1820,16380,2026-07-06T00:00:00,2026-07-10T00:00:00
ORD-000435,Anthony Glenn,2,15642,31284,2026-06-11T00:00:00,2026-06-15T00:00:00
ORD-000436,Gabriel Ray,5,12174,60870,2026-06-02T00:00:00,2026-06-02T00:00:00
ORD-000437,Darrell Mendez,1,11623,11623,2026-06-17T00:00:00,2026-06-21T00:00:00
ORD-000438,Michael Lozano,1,384,384,2026-05-02T00:00:00,2026-05-08T00:00:00
ORD-000439,Denise Castillo,6,4470,26820,2026-02-22T00:00:00,2026-02-25T00:00:00
ORD-000440,Joseph Robbins,2,9195,18390,2026-02-01T00:00:00,2026-02-06T00:00:00
ORD-000441,Pamela Anderson,8,17257,138056,2026-02-10T00:00:00,2026-02-16T00:00:00
ORD-000442,Jennifer White,9,4320,38880,2026-06-27T00:00:00,2026-06-28T00:00:00
ORD-000443,Lisa Powell,3,8627,25881,2026-06-13T00:00:00,2026-06-15T00:00:00
ORD-000444,Adrienne Hansen,9,14405,129645,2026-04-27T00:00:00,2026-05-01T00:00:00
ORD-000445,Stephen Baird,5,9064,45320,2026-03-03T00:00:00,2026-03-07T00:00:00
ORD-000446,Erik Anderson,1,7681,7681,2026-03-31T00:00:00,2026-04-06T00:00:00
ORD-000447,Anthony Smith,9,14978,134802,2026-02-05T00:00:00,2026-02-11T00:00:00
ORD-000448,Jill Williams,8,19828,158624,2026-05-02T00:00:00,2026-05-07T00:00:00
ORD-000449,Linda Vasquez,4,13076,52304,2026-04-11T00:00:00,2026-04-17T00:00:00
ORD-000450,Amanda Chavez,1,12691,12691,2026-04-28T00:00:00,2026-05-05T00:00:00
ORD-000451,Eric Duke,10,8192,81920,2026-04-16T00:00:00,2026-04-18T00:00:00
ORD-000452,Michael Benson,1,1806,1806,2026-01-19T00:00:00,2026-01-26T00:00:00
ORD-000453,Jason Page,5,1730,8650,2026-02-24T00:00:00,2026-03-03T00:00:00
ORD-000454,Stephanie Torres,8,7157,57256,2026-03-11T00:00:00,2026-03-18T00:00:00
ORD-000455,Bradley Smith,5,2714,13570,2026-05-15T00:00:00,2026-05-16T00:00:00
ORD-000456,Jorge Meza,7,15832,110824,2026-04-24T00:00:00,2026-04-27T00:00:00
ORD-000457,Eric Soto,7,8875,62125,2026-05-02T00:00:00,2026-05-03T00:00:00
ORD-000458,Adam Jackson,8,3210,25680,2026-02-27T00:00:00,2026-03-05T00:00:00
ORD-000459,Jeremy Miller,6,11877,71262,2026-05-18T00:00:00,2026-05-24T00:00:00
ORD-000460,Brett Odonnell,1,7395,7395,2026-05-28T00:00:00,2026-05-31T00:00:00
ORD-000461,Kevin Sloan,5,18325,91625,2026-07-13T00:00:00,2026-07-20T00:00:00
ORD-000462,Zachary Barnes,1,11952,11952,2026-01-27T00:00:00,2026-02-01T00:00:00
ORD-000463,Michael Patton,3,1588,4764,2026-05-11T00:00:00,2026-05-13T00:00:00
ORD-000464,Shannon Cole,10,11390,113900,2026-01-21T00:00:00,2026-01-24T00:00:00
ORD-000465,Gerald Porter,9,6218,55962,2026-05-14T00:00:00,2026-05-19T00:00:00
ORD-000466,Lauren Montgomery,3,4790,14370,2026-05-29T00:00:00,2026-06-05T00:00:00
ORD-000467,Ryan Jones,5,4221,21105,2026-04-15T00:00:00,2026-04-20T00:00:00
ORD-000468,Cheryl Henry,6,9937,59622,2026-02-09T00:00:00,2026-02-14T00:00:00
ORD-000469,Wanda Sutton,6,8171,49026,2026-05-13T00:00:00,2026-05-15T00:00:00
ORD-000470,Jason Richardson,2,12923,25846,2026-02-24T00:00:00,2026-03-03T00:00:00
ORD-000471,Brandy Silva,4,13802,55208,2026-02-09T00:00:00,2026-02-09T00:00:00
ORD-000472,Linda Herman,10,715,7150,2026-01-02T00:00:00,2026-01-03T00:00:00
ORD-000473,Dr. Mary Ruiz,1,7130,7130,2026-06-01T00:00:00,2026-06-02T00:00:00
ORD-000474,David Strong,10,19075,190750,2026-03-20T00:00:00,2026-03-22T00:00:00
ORD-000475,James Rasmussen,2,9227,18454,2026-04-23T00:00:00,2026-04-24T00:00:00
ORD-000476,Anne Jimenez,10,6171,61710,2026-05-01T00:00:00,2026-05-05T00:00:00
ORD-000477,Kelly Archer,7,8429,59003,2026-06-21T00:00:00,2026-06-21T00:00:00
ORD-000478,Lauren Gonzalez,7,14982,104874,2026-06-05T00:00:00,2026-06-12T00:00:00
ORD-000479,Anna Adams,10,4787,47870,2026-03-16T00:00:00,2026-03-17T00:00:00
ORD-000480,William Sutton,2,15129,30258,2026-07-04T00:00:00,2026-07-07T00:00:00
ORD-000481,Candace Baker,10,903,9030,2026-06-01T00:00:00,2026-06-01T00:00:00
ORD-000482,Nicole Russell,7,19630,137410,2026-03-20T00:00:00,2026-03-25T00:00:00
ORD-000483,Kelly Jackson,8,10355,82840,2026-03-25T00:00:00,2026-03-26T00:00:00
ORD-000484,Matthew Carr,8,18216,145728,2026-03-17T00:00:00,2026-03-20T00:00:00
ORD-000485,Mrs. Monica Espinoza,2,6630,13260,2026-05-06T00:00:00,2026-05-12T00:00:00
ORD-000486,Nathan Moore,10,16382,163820,2026-04-12T00:00:00,2026-04-12T00:00:00
ORD-000487,Paul Taylor,2,11049,22098,2026-05-06T00:00:00,2026-05-08T00:00:00
ORD-000488,Danny Mcdonald,6,19409,116454,2026-05-29T00:00:00,2026-05-31T00:00:00
ORD-000489,Rachel Fleming,10,6083,60830,2026-01-29T00:00:00,2026-02-03T00:00:00
ORD-000490,Melissa Williams,8,18085,144680,2026-01-19T00:00:00,2026-01-24T00:00:00
ORD-000491,Zachary Wilson,10,11241,112410,2026-06-22T00:00:00,2026-06-22T00:00:00
ORD-000492,Ms. Kristen Smith,1,5216,5216,2026-07-02T00:00:00,2026-07-08T00:00:00
ORD-000493,Bryan Kent,8,2808,22464,2026-07-07T00:00:00,2026-07-14T00:00:00
ORD-000494,Brian Hall,4,18953,75812,2026-02-19T00:00:00,2026-02-24T00:00:00
ORD-000495,Grace Thompson,6,6114,36684,2026-02-10T00:00:00,2026-02-17T00:00:00
ORD-000496,Stacy Kim,9,15972,143748,2026-03-12T00:00:00,2026-03-17T00:00:00
ORD-000497,Victoria Ruiz,10,2918,29180,2026-06-05T00:00:00,2026-06-09T00:00:00
ORD-000498,Regina Herman,5,16366,81830,2026-05-01T00:00:00,2026-05-02T00:00:00
ORD-000499,Andrew Dixon,7,5244,36708,2026-03-15T00:00:00,2026-03-18T00:00:00
ORD-000500,Scott Powell,6,16090,96540,2026-02-20T00:00:00,2026-02-20T00:00:00
ORD-000501,Brandon Rice,7,14075,98525,2026-01-29T00:00:00,2026-02-02T00:00:00
ORD-000502,Antonio Williams,5,14216,71080,2026-01-16T00:00:00,2026-01-17T00:00:00
ORD-000503,Daniel Sullivan,2,19308,38616,2026-05-17T00:00:00,2026-05-18T00:00:00
ORD-000504,Lauren Guzman,1,16505,16505,2026-04-07T00:00:00,2026-04-07T00:00:00
ORD-000505,David Martinez,7,14418,100926,2026-03-23T00:00:00,2026-03-25T00:00:00
ORD-000506,James Flores,2,7631,15262,2026-06-03T00:00:00,2026-06-10T00:00:00
ORD-000507,Austin Booth,3,7930,23790,2026-04-02T00:00:00,2026-04-06T00:00:00
ORD-000508,Barbara Cross,4,12365,49460,2026-05-11T00:00:00,2026-05-11T00:00:00
ORD-000509,Mrs. Cheryl Keith,1,13860,13860,2026-06-11T00:00:00,2026-06-18T00:00:00
ORD-000510,Mr. Mitchell Liu,6,8094,48564,2026-02-07T00:00:00,2026-02-13T00:00:00
ORD-000511,Tyler Martinez,2,4662,9324,2026-04-06T00:00:00,2026-04-10T00:00:00
ORD-000512,Shannon Perez,6,4978,29868,2026-02-18T00:00:00,2026-02-19T00:00:00
ORD-000513,Angel Morgan,4,12772,51088,2026-02-13T00:00:00,2026-02-13T00:00:00
ORD-000514,Kristopher Hawkins,7,19797,138579,2026-05-30T00:00:00,2026-06-04T00:00:00
ORD-000515,Joshua Barton,4,5454,21816,2026-05-12T00:00:00,2026-05-16T00:00:00
ORD-000516,Daniel Hughes,8,1194,9552,2026-02-17T00:00:00,2026-02-22T00:00:00
ORD-000517,Thomas Fitzpatrick,10,16883,168830,2026-05-30T00:00:00,2026-06-05T00:00:00
ORD-000518,Gregory Moore,10,2667,26670,2026-06-06T00:00:00,2026-06-07T00:00:00
ORD-000519,Christopher Richardson,5,13199,65995,2026-03-10T00:00:00,2026-03-12T00:00:00
ORD-000520,Angela Schmidt,3,18602,55806,2026-01-06T00:00:00,2026-01-10T00:00:00
ORD-000521,Matthew Nicholson,2,11312,22624,2026-05-28T00:00:00,2026-06-03T00:00:00
ORD-000522,Victoria Roberts,2,17667,35334,2026-03-07T00:00:00,2026-03-10T00:00:00
ORD-000523,Shannon Anderson,10,11282,112820,2026-06-18T00:00:00,2026-06-18T00:00:00
ORD-000524,Jordan Mclaughlin,9,18497,166473,2026-01-28T00:00:00,2026-02-04T00:00:00
ORD-000525,Darren Marsh,6,1190,7140,2026-05-26T00:00:00,2026-05-28T00:00:00
ORD-000526,Sue Anderson,3,17869,53607,2026-02-27T00:00:00,2026-03-03T00:00:00
ORD-000527,Daniel Patrick,4,6461,25844,2026-04-22T00:00:00,2026-04-24T00:00:00
ORD-000528,Mary Gray,6,13328,79968,2026-04-15T00:00:00,2026-04-20T00:00:00
ORD-000529,Steven Clarke MD,9,3043,27387,2026-01-24T00:00:00,2026-01-27T00:00:00
ORD-000530,Dylan Smith,8,16712,133696,2026-04-01T00:00:00,2026-04-07T00:00:00
ORD-000531,Christopher Cameron,2,14008,28016,2026-05-17T00:00:00,2026-05-23T00:00:00
ORD-000532,Erika Shelton,1,13765,13765,2026-04-16T00:00:00,2026-04-22T00:00:00
ORD-000533,Peter Jordan,9,7176,64584,2026-04-23T00:00:00,2026-04-23T00:00:00
ORD-000534,Andrea Thornton,2,1992,3984,2026-05-08T00:00:00,2026-05-12T00:00:00
ORD-000535,Stephanie Fuller,10,349,3490,2026-06-18T00:00:00,2026-06-24T00:00:00
ORD-000536,David Chen MD,2,3877,7754,2026-06-14T00:00:00,2026-06-20T00:00:00
ORD-000537,Ronald Knapp,9,7179,64611,2026-06-11T00:00:00,2026-06-11T00:00:00
ORD-000538,Danny Perez,10,7459,74590,2026-02-04T00:00:00,2026-02-04T00:00:00
ORD-000539,Mary Peterson,8,4097,32776,2026-01-02T00:00:00,2026-01-03T00:00:00
ORD-000540,James Fry,5,19516,97580,2026-04-28T00:00:00,2026-05-01T00:00:00
ORD-000541,Jason Morgan,6,11022,66132,2026-02-02T00:00:00,2026-02-02T00:00:00
ORD-000542,Daniel Harris,2,1276,2552,2026-05-27T00:00:00,2026-05-31T00:00:00
ORD-000543,Richard Nunez,8,6823,54584,2026-04-12T00:00:00,2026-04-14T00:00:00
ORD-000544,Joshua Washington,7,3349,23443,2026-01-14T00:00:00,2026-01-20T00:00:00
ORD-000545,Marcus Weeks,3,18848,56544,2026-02-26T00:00:00,2026-02-28T00:00:00
ORD-000546,David Ross,8,7587,60696,2026-02-11T00:00:00,2026-02-13T00:00:00
ORD-000547,Renee Williams,8,3582,28656,2026-04-02T00:00:00,2026-04-04T00:00:00
ORD-000548,Christopher Edwards,4,16452,65808,2026-05-08T00:00:00,2026-05-08T00:00:00
ORD-000549,Sabrina Hull,7,16412,114884,2026-05-11T00:00:00,2026-05-11T00:00:00
ORD-000550,Jasmine Gregory,6,10801,64806,2026-01-07T00:00:00,2026-01-13T00:00:00
ORD-000551,Gerald Gordon,2,6852,13704,2026-03-05T00:00:00,2026-03-12T00:00:00
ORD-000552,Heather Ortiz,10,15272,152720,2026-03-13T00:00:00,2026-03-18T00:00:00
ORD-000553,Anthony Hart,7,7256,50792,2026-02-21T00:00:00,2026-02-22T00:00:00
ORD-000554,Matthew Preston,5,11944,59720,2026-05-25T00:00:00,2026-05-26T00:00:00
ORD-000555,Carolyn White,7,17597,123179,2026-06-04T00:00:00,2026-06-11T00:00:00
ORD-000556,Kim Alexander,8,9951,79608,2026-07-18T00:00:00,2026-07-23T00:00:00
ORD-000557,Danielle Buck,5,14567,72835,2026-07-08T00:00:00,2026-07-10T00:00:00
ORD-000558,Kathleen Rodriguez,1,3156,3156,2026-05-27T00:00:00,2026-05-30T00:00:00
ORD-000559,Keith George,1,10118,10118,2026-06-30T00:00:00,2026-07-05T00:00:00
ORD-000560,Mr. Allen Sherman PhD,10,13716,137160,2026-01-13T00:00:00,2026-01-13T00:00:00
ORD-000561,Adam Snyder,8,18448,147584,2026-04-18T00:00:00,2026-04-19T00:00:00
ORD-000562,Lori Pratt,9,4750,42750,2026-06-06T00:00:00,2026-06-06T00:00:00
ORD-000563,Brianna Williamson,5,9972,49860,2026-04-24T00:00:00,2026-05-01T00:00:00
ORD-000564,Cody Jimenez,7,13287,93009,2026-06-14T00:00:00,2026-06-17T00:00:00
ORD-000565,Michael Navarro,8,17200,137600,2026-01-05T00:00:00,2026-01-12T00:00:00
ORD-000566,Destiny Adams,9,11266,101394,2026-05-09T00:00:00,2026-05-15T00:00:00
ORD-000567,John Gonzales,7,19658,137606,2026-05-11T00:00:00,2026-05-11T00:00:00
ORD-000568,Robert Nelson,3,11743,35229,2026-05-08T00:00:00,2026-05-13T00:00:00
ORD-000569,Daniel Reynolds,8,10935,87480,2026-01-21T00:00:00,2026-01-23T00:00:00
ORD-000570,Jeffrey Carlson,6,5417,32502,2026-04-06T00:00:00,2026-04-13T00:00:00
ORD-000571,Brandon Watson,3,17627,52881,2026-07-15T00:00:00,2026-07-16T00:00:00
ORD-000572,Shannon Malone,10,14912,149120,2026-03-20T00:00:00,2026-03-25T00:00:00
ORD-000573,Jeremy Tyler,2,9292,18584,2026-03-16T00:00:00,2026-03-19T00:00:00
ORD-000574,Jennifer Anderson,9,6549,58941,2026-04-26T00:00:00,2026-05-01T00:00:00
ORD-000575,Christopher Schmidt,8,9104,72832,2026-06-06T00:00:00,2026-06-11T00:00:00
ORD-000576,Amanda Clark,2,14009,28018,2026-03-14T00:00:00,2026-03-21T00:00:00
ORD-000577,Cameron Reynolds,9,13703,123327,2026-05-20T00:00:00,2026-05-20T00:00:00
ORD-000578,Jason Lawrence,9,4511,40599,2026-05-31T00:00:00,2026-06-04T00:00:00
ORD-000579,Carol Conley,10,595,5950,2026-05-12T00:00:00,2026-05-15T00:00:00
ORD-000580,Colin Carrillo,6,6190,37140,2026-05-17T00:00:00,2026-05-18T00:00:00
ORD-000581,Keith Paul,2,1007,2014,2026-01-19T00:00:00,2026-01-19T00:00:00
ORD-000582,Jacob Johnson DVM,4,3481,13924,2026-05-17T00:00:00,2026-05-24T00:00:00
ORD-000583,Paul Harvey,10,6614,66140,2026-06-26T00:00:00,2026-07-03T00:00:00
ORD-000584,Christopher Henry,6,2054,12324,2026-01-12T00:00:00,2026-01-16T00:00:00
ORD-000585,James Morris,7,10627,74389,2026-04-27T00:00:00,2026-05-02T00:00:00
ORD-000586,Chelsey Davis,4,16965,67860,2026-05-26T00:00:00,2026-05-29T00:00:00
ORD-000587,Claudia Nguyen,8,13340,106720,2026-03-01T00:00:00,2026-03-02T00:00:00
ORD-000588,Robert Zimmerman,3,15737,47211,2026-01-31T00:00:00,2026-02-04T00:00:00
ORD-000589,Deanna Smith,10,1699,16990,2026-04-20T00:00:00,2026-04-22T00:00:00
ORD-000590,Angela Brooks,9,2783,25047,2026-04-30T00:00:00,2026-05-05T00:00:00
ORD-000591,Donna Johnson,2,8136,16272,2026-01-29T00:00:00,2026-02-02T00:00:00
ORD-000592,Jessica Ward,1,12229,12229,2026-03-01T00:00:00,2026-03-03T00:00:00
ORD-000593,Diane Stevenson,8,19721,157768,2026-04-08T00:00:00,2026-04-14T00:00:00
ORD-000594,Alyssa Welch,4,13005,52020,2026-03-20T00:00:00,2026-03-21T00:00:00
ORD-000595,Erica Stein,9,7483,67347,2026-03-13T00:00:00,2026-03-16T00:00:00
ORD-000596,Valerie Rodriguez,9,14105,126945,2026-02-05T00:00:00,2026-02-05T00:00:00
ORD-000597,Amy Casey,7,2885,20195,2026-02-02T00:00:00,2026-02-08T00:00:00
ORD-000598,David Fleming,8,7709,61672,2026-05-26T00:00:00,2026-05-28T00:00:00
ORD-000599,Sandra Kemp,5,2190,10950,2026-06-14T00:00:00,2026-06-14T00:00:00
ORD-000600,Stephanie Lynch,10,8438,84380,2026-03-01T00:00:00,2026-03-04T00:00:00
ORD-000601,Paula Noble,7,19402,135814,2026-07-10T00:00:00,2026-07-15T00:00:00
ORD-000602,Thomas Smith,10,4518,45180,2026-01-05T00:00:00,2026-01-10T00:00:00
ORD-000603,Kenneth Chung,10,354,3540,2026-06-27T00:00:00,2026-07-02T00:00:00
ORD-000604,Michelle Dougherty,8,6323,50584,2026-06-14T00:00:00,2026-06-19T00:00:00
ORD-000605,Elizabeth Brown,9,19112,172008,2026-04-15T00:00:00,2026-04-22T00:00:00
ORD-000606,Henry Freeman,4,11145,44580,2026-07-03T00:00:00,2026-07-03T00:00:00
ORD-000607,Danielle Chen,3,1329,3987,2026-05-22T00:00:00,2026-05-24T00:00:00
ORD-000608,Benjamin Barnett,2,1975,3950,2026-05-28T00:00:00,2026-05-30T00:00:00
ORD-000609,Kenneth Reese,10,17724,177240,2026-03-09T00:00:00,2026-03-11T00:00:00
ORD-000610,Lisa Hood,9,6655,59895,2026-04-27T00:00:00,2026-05-03T00:00:00
ORD-000611,Sarah Pierce,9,15243,137187,2026-05-02T00:00:00,2026-05-04T00:00:00
ORD-000612,Samantha Rojas,3,10097,30291,2026-07-18T00:00:00,2026-07-22T00:00:00
ORD-000613,Larry Wright,4,14486,57944,2026-01-31T00:00:00,2026-02-01T00:00:00
ORD-000614,Edwin Walker,4,15094,60376,2026-06-19T00:00:00,2026-06-19T00:00:00
ORD-000615,Cindy Reyes,2,11784,23568,2026-05-28T00:00:00,2026-06-04T00:00:00
ORD-000616,Jill Flores,5,3511,17555,2026-02-20T00:00:00,2026-02-26T00:00:00
ORD-000617,Jennifer Nguyen DVM,7,7889,55223,2026-04-22T00:00:00,2026-04-23T00:00:00
ORD-000618,Joel Baker,6,10322,61932,2026-02-02T00:00:00,2026-02-03T00:00:00
ORD-000619,Alexandra Aguilar,9,8960,80640,2026-01-27T00:00:00,2026-01-31T00:00:00
ORD-000620,Ms. Morgan Wood,5,15439,77195,2026-01-31T00:00:00,2026-02-06T00:00:00
ORD-000621,Heather Kim,10,17779,177790,2026-01-31T00:00:00,2026-02-03T00:00:00
ORD-000622,Brenda Murphy,4,18299,73196,2026-06-29T00:00:00,2026-07-06T00:00:00
ORD-000623,Erica Barton,9,9825,88425,2026-01-05T00:00:00,2026-01-05T00:00:00
ORD-000624,Joseph Cantrell,3,7357,22071,2026-04-14T00:00:00,2026-04-19T00:00:00
ORD-000625,Deborah Newman,3,11252,33756,2026-04-07T00:00:00,2026-04-08T00:00:00
ORD-000626,Daniel Simpson,3,17237,51711,2026-04-07T00:00:00,2026-04-12T00:00:00
ORD-000627,Jason Haynes,4,2656,10624,2026-02-25T00:00:00,2026-03-03T00:00:00
ORD-000628,Matthew Brewer,9,10341,93069,2026-05-10T00:00:00,2026-05-12T00:00:00
ORD-000629,Barbara Parker,9,10521,94689,2026-05-10T00:00:00,2026-05-14T00:00:00
ORD-000630,Benjamin Salazar,6,19564,117384,2026-04-15T00:00:00,2026-04-20T00:00:00
ORD-000631,Tammy Walker,5,5546,27730,2026-01-30T00:00:00,2026-02-02T00:00:00
ORD-000632,Donald Hayes,6,2326,13956,2026-07-10T00:00:00,2026-07-12T00:00:00
ORD-000633,Michael Patton,10,16167,161670,2026-01-23T00:00:00,2026-01-26T00:00:00
ORD-000634,Jennifer Bradley,2,16212,32424,2026-03-09T00:00:00,2026-03-11T00:00:00
ORD-000635,Elizabeth Flynn,8,12498,99984,2026-01-03T00:00:00,2026-01-03T00:00:00
ORD-000636,Angela Jordan,1,2758,2758,2026-03-28T00:00:00,2026-03-31T00:00:00
ORD-000637,Ronald Curtis,4,18344,73376,2026-04-23T00:00:00,2026-04-28T00:00:00
ORD-000638,Amber Barr,2,4485,8970,2026-02-20T00:00:00,2026-02-22T00:00:00
ORD-000639,Mark Henderson,8,992,7936,2026-01-15T00:00:00,2026-01-20T00:00:00
ORD-000640,William Lopez,2,18950,37900,2026-01-06T00:00:00,2026-01-11T00:00:00
ORD-000641,Savannah Ward,4,15134,60536,2026-07-01T00:00:00,2026-07-04T00:00:00
ORD-000642,Jamie Wolf,7,15624,109368,2026-04-04T00:00:00,2026-04-07T00:00:00
ORD-000643,Monica Schaefer,4,14234,56936,2026-07-13T00:00:00,2026-07-15T00:00:00
ORD-000644,Jeffrey Rodriguez,3,14124,42372,2026-03-16T00:00:00,2026-03-17T00:00:00
ORD-000645,Tyrone Ramirez MD,1,6782,6782,2026-04-11T00:00:00,2026-04-13T00:00:00
ORD-000646,Christopher Thomas,8,8815,70520,2026-03-07T00:00:00,2026-03-08T00:00:00
ORD-000647,Dr. Charlene Houston,5,12122,60610,2026-04-30T00:00:00,2026-05-05T00:00:00
ORD-000648,Bethany Joyce,4,4632,18528,2026-07-18T00:00:00,2026-07-24T00:00:00
ORD-000649,Alison Moore,9,13316,119844,2026-06-11T00:00:00,2026-06-18T00:00:00
ORD-000650,Mario Hines,4,17326,69304,2026-04-26T00:00:00,2026-05-03T00:00:00
ORD-000651,Jill Brown,10,18446,184460,2026-07-04T00:00:00,2026-07-11T00:00:00
ORD-000652,Mr. Johnny King,7,19677,137739,2026-07-03T00:00:00,2026-07-10T00:00:00
ORD-000653,Tonya Mejia,6,7195,43170,2026-02-04T00:00:00,2026-02-05T00:00:00
ORD-000654,Kirk Weaver,7,18612,130284,2026-05-12T00:00:00,2026-05-14T00:00:00
ORD-000655,Haley Henry,2,17323,34646,2026-01-09T00:00:00,2026-01-16T00:00:00
ORD-000656,Adam Watson,2,12462,24924,2026-06-18T00:00:00,2026-06-20T00:00:00
ORD-000657,Dorothy Moreno,1,13314,13314,2026-06-29T00:00:00,2026-07-05T00:00:00
ORD-000658,Molly Beck,5,3488,17440,2026-02-08T00:00:00,2026-02-15T00:00:00
ORD-000659,Michele Graves,6,14403,86418,2026-06-11T00:00:00,2026-06-18T00:00:00
ORD-000660,Anthony Payne,3,6982,20946,2026-05-01T00:00:00,2026-05-08T00:00:00
ORD-000661,Gerald Jones PhD,9,3765,33885,2026-06-26T00:00:00,2026-07-01T00:00:00
ORD-000662,Eric Stone,9,18626,167634,2026-01-11T00:00:00,2026-01-15T00:00:00
ORD-000663,Jesse Meyer,1,3097,3097,2026-03-08T00:00:00,2026-03-15T00:00:00
ORD-000664,Jennifer Ramirez,7,11786,82502,2026-01-18T00:00:00,2026-01-20T00:00:00
ORD-000665,Brenda Jones,1,18401,18401,2026-03-23T00:00:00,2026-03-29T00:00:00
ORD-000666,Christopher Taylor,1,18774,18774,2026-04-18T00:00:00,2026-04-23T00:00:00
ORD-000667,Randall Bryant,8,4454,35632,2026-04-06T00:00:00,2026-04-10T00:00:00
ORD-000668,Joseph Alvarez,8,10211,81688,2026-04-28T00:00:00,2026-05-02T00:00:00
ORD-000669,Jonathon Davies MD,4,385,1540,2026-06-10T00:00:00,2026-06-12T00:00:00
ORD-000670,John Miller,4,5460,21840,2026-05-20T00:00:00,2026-05-20T00:00:00
ORD-000671,Todd Cruz,5,7636,38180,2026-05-01T00:00:00,2026-05-04T00:00:00
ORD-000672,Cassidy Carr,3,13751,41253,2026-06-07T00:00:00,2026-06-11T00:00:00
ORD-000673,Yvonne Lee,8,9130,73040,2026-04-20T00:00:00,2026-04-21T00:00:00
ORD-000674,Troy Brennan,6,4797,28782,2026-06-23T00:00:00,2026-06-25T00:00:00
ORD-000675,Randall Galloway,2,3055,6110,2026-01-03T00:00:00,2026-01-05T00:00:00
ORD-000676,Francisco Wilson,3,8143,24429,2026-01-05T00:00:00,2026-01-06T00:00:00
ORD-000677,Daniel Reid,9,5178,46602,2026-06-30T00:00:00,2026-07-06T00:00:00
ORD-000678,Jared Castillo,1,7318,7318,2026-01-07T00:00:00,2026-01-10T00:00:00
ORD-000679,Melissa Torres,5,15664,78320,2026-03-12T00:00:00,2026-03-18T00:00:00
ORD-000680,William Gonzalez,6,14356,86136,2026-03-07T00:00:00,2026-03-11T00:00:00
ORD-000681,Christopher Campos,1,1359,1359,2026-05-28T00:00:00,2026-06-03T00:00:00
ORD-000682,William David,1,12576,12576,2026-01-23T00:00:00,2026-01-30T00:00:00
ORD-000683,Stacy Freeman,1,3703,3703,2026-06-14T00:00:00,2026-06-14T00:00:00
ORD-000684,Christopher West,2,18053,36106,2026-01-16T00:00:00,2026-01-18T00:00:00
ORD-000685,Sean Smith,9,19200,172800,2026-01-26T00:00:00,2026-02-01T00:00:00
ORD-000686,Andrew Maxwell,10,4576,45760,2026-04-14T00:00:00,2026-04-19T00:00:00
ORD-000687,Joseph Parker,4,6893,27572,2026-03-15T00:00:00,2026-03-21T00:00:00
ORD-000688,Samantha Greer,1,12901,12901,2026-04-16T00:00:00,2026-04-21T00:00:00
ORD-000689,Sandra Gonzalez,8,5797,46376,2026-04-01T00:00:00,2026-04-01T00:00:00
ORD-000690,Sierra Hunt,5,8322,41610,2026-06-12T00:00:00,2026-06-17T00:00:00
ORD-000691,Tamara Garcia,4,18257,73028,2026-04-11T00:00:00,2026-04-13T00:00:00
ORD-000692,Luis Cook,7,9233,64631,2026-07-12T00:00:00,2026-07-19T00:00:00
ORD-000693,Shane Velez,1,5096,5096,2026-03-22T00:00:00,2026-03-27T00:00:00
ORD-000694,Richard Bender,7,17679,123753,2026-02-01T00:00:00,2026-02-06T00:00:00
ORD-000695,Christopher Santos,10,2401,24010,2026-05-15T00:00:00,2026-05-20T00:00:00
ORD-000696,Chad Steele,1,927,927,2026-01-11T00:00:00,2026-01-13T00:00:00
ORD-000697,Robert Fletcher,7,17699,123893,2026-05-17T00:00:00,2026-05-22T00:00:00
ORD-000698,Jennifer Preston,4,4380,17520,2026-04-22T00:00:00,2026-04-27T00:00:00
ORD-000699,Michael Kramer,9,11515,103635,2026-07-14T00:00:00,2026-07-20T00:00:00
ORD-000700,Catherine Conway,10,13475,134750,2026-02-17T00:00:00,2026-02-23T00:00:00
ORD-000701,Yvonne Weaver,7,14620,102340,2026-02-26T00:00:00,2026-02-26T00:00:00
ORD-000702,Timothy Salazar,10,9531,95310,2026-04-30T00:00:00,2026-04-30T00:00:00
ORD-000703,John Jones,9,5788,52092,2026-01-03T00:00:00,2026-01-05T00:00:00
ORD-000704,Heather Ryan PhD,2,9416,18832,2026-05-13T00:00:00,2026-05-15T00:00:00
ORD-000705,Kevin Jordan,2,4722,9444,2026-02-01T00:00:00,2026-02-07T00:00:00
ORD-000706,Brandon Meyers,6,1180,7080,2026-03-25T00:00:00,2026-03-28T00:00:00
ORD-000707,Amber Good,8,12917,103336,2026-05-25T00:00:00,2026-05-26T00:00:00
ORD-000708,Jody Collins,1,9204,9204,2026-03-07T00:00:00,2026-03-09T00:00:00
ORD-000709,Sean Richmond,10,17262,172620,2026-06-06T00:00:00,2026-06-06T00:00:00
ORD-000710,Christopher Jackson,3,1309,3927,2026-02-24T00:00:00,2026-02-27T00:00:00
ORD-000711,Kelly Mills,3,14187,42561,2026-01-18T00:00:00,2026-01-24T00:00:00
ORD-000712,Timothy Jackson,2,10193,20386,2026-04-30T00:00:00,2026-05-07T00:00:00
ORD-000713,Grant Austin,1,13450,13450,2026-06-22T00:00:00,2026-06-29T00:00:00
ORD-000714,Kevin Jackson,8,17118,136944,2026-01-03T00:00:00,2026-01-10T00:00:00
ORD-000715,Robert Clark,4,711,2844,2026-01-01T00:00:00,2026-01-08T00:00:00
ORD-000716,Gina Patrick,4,13186,52744,2026-04-18T00:00:00,2026-04-19T00:00:00
ORD-000717,April Coleman,10,1764,17640,2026-01-10T00:00:00,2026-01-10T00:00:00
ORD-000718,Bethany Patrick,5,9838,49190,2026-06-04T00:00:00,2026-06-04T00:00:00
ORD-000719,David Rivera,10,8395,83950,2026-06-28T00:00:00,2026-06-29T00:00:00
ORD-000720,Cynthia Baker,4,979,3916,2026-04-02T00:00:00,2026-04-02T00:00:00
ORD-000721,Mr. Gregory Burke DVM,5,1850,9250,2026-03-31T00:00:00,2026-04-07T00:00:00
ORD-000722,Timothy Blair,1,13212,13212,2026-04-20T00:00:00,2026-04-25T00:00:00
ORD-000723,Mark Fitzgerald,2,19604,39208,2026-05-25T00:00:00,2026-05-29T00:00:00
ORD-000724,Linda Shah,2,18672,37344,2026-02-14T00:00:00,2026-02-19T00:00:00
ORD-000725,Julie Chang,2,9003,18006,2026-01-05T00:00:00,2026-01-10T00:00:00
ORD-000726,Jason Chen,9,8691,78219,2026-06-13T00:00:00,2026-06-14T00:00:00
ORD-000727,Jessica Smith,1,1200,1200,2026-01-08T00:00:00,2026-01-15T00:00:00
ORD-000728,Jackson Valencia,6,7403,44418,2026-02-19T00:00:00,2026-02-25T00:00:00
ORD-000729,Adam Snyder,5,8737,43685,2026-02-23T00:00:00,2026-02-23T00:00:00
ORD-000730,Amy Gross,6,11172,67032,2026-06-13T00:00:00,2026-06-13T00:00:00
ORD-000731,Michael Brewer,9,14548,130932,2026-05-26T00:00:00,2026-05-29T00:00:00
ORD-000732,Paul Stanley,5,16011,80055,2026-03-16T00:00:00,2026-03-16T00:00:00
ORD-000733,Charles Allen,4,626,2504,2026-02-02T00:00:00,2026-02-02T00:00:00
ORD-000734,Rhonda Page,8,18846,150768,2026-03-11T00:00:00,2026-03-13T00:00:00
ORD-000735,Kara Vazquez,8,11818,94544,2026-03-14T00:00:00,2026-03-17T00:00:00
ORD-000736,Nicholas Ruiz,10,4402,44020,2026-04-10T00:00:00,2026-04-11T00:00:00
ORD-000737,Adam Williams,7,11919,83433,2026-02-17T00:00:00,2026-02-20T00:00:00
ORD-000738,Christopher Mcdonald,1,19192,19192,2026-06-18T00:00:00,2026-06-24T00:00:00
ORD-000739,Donald Ramirez,4,16415,65660,2026-02-25T00:00:00,2026-02-25T00:00:00
ORD-000740,Edward Perez,2,9086,18172,2026-04-14T00:00:00,2026-04-14T00:00:00
ORD-000741,Patricia Adams,10,16992,169920,2026-03-24T00:00:00,2026-03-26T00:00:00
ORD-000742,Dylan Holt,7,8629,60403,2026-05-09T00:00:00,2026-05-10T00:00:00
ORD-000743,Jared Hill DDS,3,1852,5556,2026-05-03T00:00:00,2026-05-10T00:00:00
ORD-000744,Trevor Garcia,9,11374,102366,2026-01-28T00:00:00,2026-01-31T00:00:00
ORD-000745,Steven Foster,5,15546,77730,2026-02-25T00:00:00,2026-02-28T00:00:00
ORD-000746,Kari West,5,16953,84765,2026-07-09T00:00:00,2026-07-15T00:00:00
ORD-000747,Mary Trujillo,4,557,2228,2026-05-02T00:00:00,2026-05-05T00:00:00
ORD-000748,Alisha Hart,10,821,8210,2026-05-08T00:00:00,2026-05-11T00:00:00
ORD-000749,Anita Mcconnell,6,7461,44766,2026-01-16T00:00:00,2026-01-22T00:00:00
ORD-000750,Kimberly Johnston,1,4661,4661,2026-05-21T00:00:00,2026-05-25T00:00:00
ORD-000751,Daniel Moore,6,9381,56286,2026-03-20T00:00:00,2026-03-26T00:00:00
ORD-000752,Alyssa Blackburn,6,16265,97590,2026-04-04T00:00:00,2026-04-04T00:00:00
ORD-000753,Larry Walker,6,15976,95856,2026-05-15T00:00:00,2026-05-16T00:00:00
ORD-000754,Grant Johnson,7,13221,92547,2026-01-12T00:00:00,2026-01-12T00:00:00
ORD-000755,Mrs. Barbara Larson,7,1702,11914,2026-07-09T00:00:00,2026-07-16T00:00:00
ORD-000756,Tricia Torres,3,17218,51654,2026-02-11T00:00:00,2026-02-14T00:00:00
ORD-000757,Jerry Chavez,2,4248,8496,2026-05-24T00:00:00,2026-05-25T00:00:00
ORD-000758,Kathryn Gordon,3,5880,17640,2026-02-15T00:00:00,2026-02-17T00:00:00
ORD-000759,Tammy Owens,5,1463,7315,2026-07-03T00:00:00,2026-07-05T00:00:00
ORD-000760,Jeffrey Brown,5,1075,5375,2026-04-04T00:00:00,2026-04-04T00:00:00
ORD-000761,Sonia Lee,3,17366,52098,2026-01-25T00:00:00,2026-01-30T00:00:00
ORD-000762,Michael Barnes,8,15261,122088,2026-01-19T00:00:00,2026-01-24T00:00:00
ORD-000763,Amanda Graham,10,6369,63690,2026-06-12T00:00:00,2026-06-17T00:00:00
ORD-000764,Teresa Cook,9,17628,158652,2026-02-13T00:00:00,2026-02-20T00:00:00
ORD-000765,Diana Murphy,5,8276,41380,2026-01-03T00:00:00,2026-01-10T00:00:00
ORD-000766,John Lopez,1,14920,14920,2026-07-10T00:00:00,2026-07-11T00:00:00
ORD-000767,Judy Hines,1,11310,11310,2026-06-27T00:00:00,2026-06-29T00:00:00
ORD-000768,Jennifer Caldwell,7,4249,29743,2026-03-10T00:00:00,2026-03-13T00:00:00
ORD-000769,Chelsea Nixon,5,12587,62935,2026-01-21T00:00:00,2026-01-21T00:00:00
ORD-000770,Dawn Davis,3,6272,18816,2026-05-29T00:00:00,2026-06-01T00:00:00
ORD-000771,Barbara Hunter,8,4637,37096,2026-01-02T00:00:00,2026-01-07T00:00:00
ORD-000772,Christine Alvarez,5,4583,22915,2026-05-10T00:00:00,2026-05-14T00:00:00
ORD-000773,Anthony Collins,5,16577,82885,2026-06-28T00:00:00,2026-07-05T00:00:00
ORD-000774,Stephanie Collins,4,3596,14384,2026-03-22T00:00:00,2026-03-23T00:00:00
ORD-000775,Daniel Garcia,5,5517,27585,2026-07-06T00:00:00,2026-07-08T00:00:00
ORD-000776,Karen Owens,6,5699,34194,2026-02-16T00:00:00,2026-02-21T00:00:00
ORD-000777,Donna Neal,4,9486,37944,2026-06-23T00:00:00,2026-06-23T00:00:00
ORD-000778,Victoria Brewer,2,4118,8236,2026-02-05T00:00:00,2026-02-06T00:00:00
ORD-000779,David Avila,1,15466,15466,2026-05-10T00:00:00,2026-05-11T00:00:00
ORD-000780,Robert Mercado,8,1982,15856,2026-02-08T00:00:00,2026-02-13T00:00:00
ORD-000781,Melissa Brooks,9,1793,16137,2026-01-01T00:00:00,2026-01-06T00:00:00
ORD-000782,Molly Frazier,9,3658,32922,2026-05-13T00:00:00,2026-05-18T00:00:00
ORD-000783,Jeremiah Goodwin,1,7027,7027,2026-01-01T00:00:00,2026-01-01T00:00:00
ORD-000784,Jason Williams,3,14003,42009,2026-04-30T00:00:00,2026-04-30T00:00:00
ORD-000785,Brenda Douglas,10,15090,150900,2026-01-03T00:00:00,2026-01-10T00:00:00
ORD-000786,James Lopez,10,4277,42770,2026-03-28T00:00:00,2026-03-31T00:00:00
ORD-000787,Christine Griffin,7,14416,100912,2026-05-23T00:00:00,2026-05-25T00:00:00
ORD-000788,Steven Carr,4,11998,47992,2026-02-16T00:00:00,2026-02-16T00:00:00
ORD-000789,James Douglas,5,6496,32480,2026-06-02T00:00:00,2026-06-04T00:00:00
ORD-000790,Andrea Nelson,10,13435,134350,2026-06-01T00:00:00,2026-06-05T00:00:00
ORD-000791,Ariana Hunt,10,13696,136960,2026-07-04T00:00:00,2026-07-11T00:00:00
ORD-000792,Timothy Montgomery,8,18724,149792,2026-01-06T00:00:00,2026-01-06T00:00:00
ORD-000793,Rhonda Villa,8,12790,102320,2026-01-20T00:00:00,2026-01-22T00:00:00
ORD-000794,Michael Rangel,7,6424,44968,2026-06-29T00:00:00,2026-07-05T00:00:00
ORD-000795,Levi Andrade,3,10624,31872,2026-04-04T00:00:00,2026-04-07T00:00:00
ORD-000796,Hunter May,7,3923,27461,2026-03-24T00:00:00,2026-03-29T00:00:00
ORD-000797,David Wilson,3,17365,52095,2026-01-10T00:00:00,2026-01-15T00:00:00
ORD-000798,Emily Abbott,7,14450,101150,2026-05-07T00:00:00,2026-05-07T00:00:00
ORD-000799,Amanda Lamb,4,6394,25576,2026-02-22T00:00:00,2026-02-25T00:00:00
ORD-000800,Richard Jacobs,4,15648,62592,2026-02-06T00:00:00,2026-02-06T00:00:00
ORD-000801,Tracy Torres,5,4223,21115,2026-07-19T00:00:00,2026-07-26T00:00:00
ORD-000802,Stacy Zhang,6,2943,17658,2026-06-13T00:00:00,2026-06-18T00:00:00
ORD-000803,Elizabeth Huber,7,8264,57848,2026-05-20T00:00:00,2026-05-27T00:00:00
ORD-000804,Brett Henderson,2,1462,2924,2026-03-20T00:00:00,2026-03-25T00:00:00
ORD-000805,Todd Nichols,5,19005,95025,2026-03-25T00:00:00,2026-03-30T00:00:00
ORD-000806,Daniel Rodriguez,7,7340,51380,2026-05-26T00:00:00,2026-06-02T00:00:00
ORD-000807,Amber Ruiz,9,16071,144639,2026-04-30T00:00:00,2026-05-05T00:00:00
ORD-000808,Stephanie Dickson,7,5426,37982,2026-06-28T00:00:00,2026-07-04T00:00:00
ORD-000809,Misty Castillo,5,18140,90700,2026-04-24T00:00:00,2026-04-29T00:00:00
ORD-000810,Tyler Harper,4,7732,30928,2026-07-03T00:00:00,2026-07-10T00:00:00
ORD-000811,Melissa Garza,5,1267,6335,2026-02-19T00:00:00,2026-02-21T00:00:00
ORD-000812,Tyler Taylor,7,19247,134729,2026-01-30T00:00:00,2026-02-03T00:00:00
ORD-000813,Christopher Bradley,6,2043,12258,2026-06-24T00:00:00,2026-06-28T00:00:00
ORD-000814,Jeremy Brewer,3,19966,59898,2026-01-03T00:00:00,2026-01-10T00:00:00
ORD-000815,Steve Chandler,2,6249,12498,2026-04-02T00:00:00,2026-04-03T00:00:00
ORD-000816,Patrick Berry,4,5443,21772,2026-01-30T00:00:00,2026-01-31T00:00:00
ORD-000817,Kimberly Garner,2,3955,7910,2026-03-01T00:00:00,2026-03-03T00:00:00
ORD-000818,Susan Baker,10,15736,157360,2026-05-17T00:00:00,2026-05-21T00:00:00
ORD-000819,Casey Hendrix,7,4555,31885,2026-05-23T00:00:00,2026-05-29T00:00:00
ORD-000820,Alexander Scott,6,8772,52632,2026-07-06T00:00:00,2026-07-07T00:00:00
ORD-000821,Garrett Durham,7,12580,88060,2026-04-05T00:00:00,2026-04-05T00:00:00
ORD-000822,Jenny Williams,2,544,1088,2026-04-10T00:00:00,2026-04-16T00:00:00
ORD-000823,Daniel Davis,6,6230,37380,2026-05-12T00:00:00,2026-05-16T00:00:00
ORD-000824,Robert Sullivan,6,8968,53808,2026-05-15T00:00:00,2026-05-22T00:00:00
ORD-000825,Linda Hartman,4,1848,7392,2026-06-29T00:00:00,2026-07-06T00:00:00
ORD-000826,Timothy Garcia,10,13922,139220,2026-04-19T00:00:00,2026-04-26T00:00:00
ORD-000827,Jessica Thompson,6,3791,22746,2026-04-06T00:00:00,2026-04-08T00:00:00
ORD-000828,Deborah Rodriguez,2,2448,4896,2026-01-22T00:00:00,2026-01-29T00:00:00
ORD-000829,Frederick Lopez,9,5913,53217,2026-02-21T00:00:00,2026-02-22T00:00:00
ORD-000830,Jerry Harris,3,10917,32751,2026-05-01T00:00:00,2026-05-08T00:00:00
ORD-000831,Andrew Dillon,9,10951,98559,2026-02-19T00:00:00,2026-02-19T00:00:00
ORD-000832,Samantha Jarvis,3,6568,19704,2026-02-18T00:00:00,2026-02-23T00:00:00
ORD-000833,Tammy Watson,7,9598,67186,2026-04-29T00:00:00,2026-04-30T00:00:00
ORD-000834,Joseph Daniels,3,7062,21186,2026-03-23T00:00:00,2026-03-26T00:00:00
ORD-000835,Benjamin Wagner,10,319,3190,2026-04-02T00:00:00,2026-04-06T00:00:00
ORD-000836,William Anderson,1,17034,17034,2026-03-26T00:00:00,2026-03-27T00:00:00
ORD-000837,Misty Brown,10,15885,158850,2026-03-09T00:00:00,2026-03-12T00:00:00
ORD-000838,Derek Hebert,1,5353,5353,2026-01-06T00:00:00,2026-01-10T00:00:00
ORD-000839,Kathryn Martinez,3,3659,10977,2026-03-12T00:00:00,2026-03-14T00:00:00
ORD-000840,Richard Moore,9,16286,146574,2026-06-06T00:00:00,2026-06-09T00:00:00
ORD-000841,Kim Burns,7,19261,134827,2026-03-15T00:00:00,2026-03-17T00:00:00
ORD-000842,Rachel Johnson,3,4830,14490,2026-01-22T00:00:00,2026-01-26T00:00:00
ORD-000843,Scott Wright,3,16213,48639,2026-05-18T00:00:00,2026-05-24T00:00:00
ORD-000844,Andrea Wilson,4,4814,19256,2026-05-03T00:00:00,2026-05-04T00:00:00
ORD-000845,Deborah Hines,2,6717,13434,2026-03-25T00:00:00,2026-03-28T00:00:00
ORD-000846,Chelsea Sanders,10,3852,38520,2026-07-17T00:00:00,2026-07-18T00:00:00
ORD-000847,Amanda Davis,9,14861,133749,2026-06-25T00:00:00,2026-06-27T00:00:00
ORD-000848,Clayton Sims,7,18565,129955,2026-03-18T00:00:00,2026-03-22T00:00:00
ORD-000849,Janet Patterson,9,762,6858,2026-05-03T00:00:00,2026-05-08T00:00:00
ORD-000850,Adam Nguyen,1,3699,3699,2026-07-02T00:00:00,2026-07-05T00:00:00
ORD-000851,Justin Barton,5,8783,43915,2026-02-23T00:00:00,2026-02-23T00:00:00
ORD-000852,Christian Anderson,4,18140,72560,2026-06-03T00:00:00,2026-06-05T00:00:00
ORD-000853,Mrs. Megan Hartman,1,12126,12126,2026-05-17T00:00:00,2026-05-19T00:00:00
ORD-000854,Jason Griffin,6,11786,70716,2026-03-10T00:00:00,2026-03-16T00:00:00
ORD-000855,Tyler Coleman,9,3684,33156,2026-01-25T00:00:00,2026-01-28T00:00:00
ORD-000856,Danielle Davis,6,10557,63342,2026-03-28T00:00:00,2026-03-28T00:00:00
ORD-000857,Kristen Martinez,5,11961,59805,2026-06-21T00:00:00,2026-06-28T00:00:00
ORD-000858,Michele Hopkins,4,16162,64648,2026-01-10T00:00:00,2026-01-14T00:00:00
ORD-000859,Carrie Clark,4,4137,16548,2026-03-12T00:00:00,2026-03-12T00:00:00
ORD-000860,Gail Schneider,5,17546,87730,2026-01-03T00:00:00,2026-01-08T00:00:00
ORD-000861,Kimberly Newman,5,15396,76980,2026-04-12T00:00:00,2026-04-15T00:00:00
ORD-000862,James Gibbs,3,1047,3141,2026-05-01T00:00:00,2026-05-05T00:00:00
ORD-000863,Christina Riley,5,10173,50865,2026-01-14T00:00:00,2026-01-14T00:00:00
ORD-000864,Ashley Sanford,9,7783,70047,2026-03-21T00:00:00,2026-03-26T00:00:00
ORD-000865,Edward Lynch,7,2760,19320,2026-04-12T00:00:00,2026-04-14T00:00:00
ORD-000866,Mrs. Wendy Walter MD,5,4568,22840,2026-05-15T00:00:00,2026-05-20T00:00:00
ORD-000867,Emily Kennedy,4,7781,31124,2026-03-24T00:00:00,2026-03-29T00:00:00
ORD-000868,Brian Hahn,3,8048,24144,2026-05-14T00:00:00,2026-05-17T00:00:00
ORD-000869,Sabrina Woodard,6,2557,15342,2026-06-05T00:00:00,2026-06-08T00:00:00
ORD-000870,Joanna Molina,1,19970,19970,2026-03-13T00:00:00,2026-03-19T00:00:00
ORD-000871,Leslie Huffman,6,13880,83280,2026-03-17T00:00:00,2026-03-23T00:00:00
ORD-000872,Logan Haynes,10,1362,13620,2026-07-08T00:00:00,2026-07-14T00:00:00
ORD-000873,Kyle Morgan,2,15918,31836,2026-01-21T00:00:00,2026-01-26T00:00:00
ORD-000874,Bruce Pena,3,18297,54891,2026-03-20T00:00:00,2026-03-20T00:00:00
ORD-000875,Peggy Jenkins,10,1886,18860,2026-07-06T00:00:00,2026-07-13T00:00:00
ORD-000876,Mr. Mark Baker,2,8270,16540,2026-02-01T00:00:00,2026-02-08T00:00:00
ORD-000877,Frank Ortiz,3,9571,28713,2026-06-25T00:00:00,2026-06-28T00:00:00
ORD-000878,Shane Trevino,9,16151,145359,2026-03-25T00:00:00,2026-03-28T00:00:00
ORD-000879,Samuel Gregory,4,3645,14580,2026-05-09T00:00:00,2026-05-12T00:00:00
ORD-000880,Molly Vance,8,4225,33800,2026-03-24T00:00:00,2026-03-31T00:00:00
ORD-000881,Krista Campbell,10,17058,170580,2026-05-07T00:00:00,2026-05-08T00:00:00
ORD-000882,Mario Dominguez,6,6982,41892,2026-02-10T00:00:00,2026-02-16T00:00:00
ORD-000883,Barry Rivera,6,569,3414,2026-01-12T00:00:00,2026-01-12T00:00:00
ORD-000884,Ricardo Hill,6,3790,22740,2026-03-05T00:00:00,2026-03-12T00:00:00
ORD-000885,Joseph Burgess,3,9681,29043,2026-03-08T00:00:00,2026-03-09T00:00:00
ORD-000886,Tracey Turner,8,4346,34768,2026-05-30T00:00:00,2026-05-31T00:00:00
ORD-000887,Leslie Donovan,7,11511,80577,2026-06-05T00:00:00,2026-06-06T00:00:00
ORD-000888,Mark Garcia,7,12435,87045,2026-06-07T00:00:00,2026-06-14T00:00:00
ORD-000889,Alexander Hoover,10,12422,124220,2026-05-14T00:00:00,2026-05-15T00:00:00
ORD-000890,Dennis Lindsey,1,3364,3364,2026-06-14T00:00:00,2026-06-16T00:00:00
ORD-000891,Amanda Parrish,1,9661,9661,2026-01-07T00:00:00,2026-01-08T00:00:00
ORD-000892,Pamela Campbell,3,243,729,2026-01-12T00:00:00,2026-01-18T00:00:00
ORD-000893,Amy Mills,7,11259,78813,2026-05-15T00:00:00,2026-05-20T00:00:00
ORD-000894,Stanley Morgan,10,7982,79820,2026-06-27T00:00:00,2026-06-28T00:00:00
ORD-000895,Amy Garcia,5,12195,60975,2026-05-02T00:00:00,2026-05-05T00:00:00
ORD-000896,Jasmine Thomas,6,5686,34116,2026-06-07T00:00:00,2026-06-13T00:00:00
ORD-000897,Martin Ross,6,19424,116544,2026-03-16T00:00:00,2026-03-22T00:00:00
ORD-000898,Aaron Harris,5,17957,89785,2026-07-17T00:00:00,2026-07-21T00:00:00
ORD-000899,Joe Mitchell,9,5082,45738,2026-03-16T00:00:00,2026-03-22T00:00:00
ORD-000900,Edwin Wells,7,14589,102123,2026-05-23T00:00:00,2026-05-24T00:00:00
ORD-000901,George Hall,3,19663,58989,2026-04-17T00:00:00,2026-04-24T00:00:00
ORD-000902,Charles Frazier,1,7529,7529,2026-05-12T00:00:00,2026-05-15T00:00:00
ORD-000903,Amy Cooley,9,8252,74268,2026-06-04T00:00:00,2026-06-08T00:00:00
ORD-000904,Scott Morris,9,5444,48996,2026-05-28T00:00:00,2026-05-29T00:00:00
ORD-000905,Jonathan Smith,4,18794,75176,2026-01-20T00:00:00,2026-01-25T00:00:00
ORD-000906,Alexandria Hendrix,3,19719,59157,2026-03-22T00:00:00,2026-03-27T00:00:00
ORD-000907,Michael Crawford,10,6562,65620,2026-05-07T00:00:00,2026-05-13T00:00:00
ORD-000908,Stacey Smith,7,4942,34594,2026-04-02T00:00:00,2026-04-09T00:00:00
ORD-000909,Steven Martinez,1,7746,7746,2026-03-02T00:00:00,2026-03-05T00:00:00
ORD-000910,Carlos Moss,2,13860,27720,2026-01-21T00:00:00,2026-01-23T00:00:00
ORD-000911,Rhonda Campbell,5,8950,44750,2026-02-02T00:00:00,2026-02-04T00:00:00
ORD-000912,Amy Brooks,7,573,4011,2026-06-20T00:00:00,2026-06-24T00:00:00
ORD-000913,Danielle Davis,8,11556,92448,2026-07-17T00:00:00,2026-07-19T00:00:00
ORD-000914,Craig Costa,1,7480,7480,2026-06-04T00:00:00,2026-06-04T00:00:00
ORD-000915,Matthew Moore,6,6245,37470,2026-05-30T00:00:00,2026-06-04T00:00:00
ORD-000916,Derrick Welch,2,9869,19738,2026-04-10T00:00:00,2026-04-11T00:00:00
ORD-000917,Jeff Rivera,1,2736,2736,2026-02-10T00:00:00,2026-02-13T00:00:00
ORD-000918,Andrew James,5,9495,47475,2026-06-27T00:00:00,2026-06-30T00:00:00
ORD-000919,Victor Lewis,2,11841,23682,2026-07-14T00:00:00,2026-07-16T00:00:00
ORD-000920,Lindsey Mcmahon,1,7951,7951,2026-05-07T00:00:00,2026-05-09T00:00:00
ORD-000921,Howard Horton,6,12494,74964,2026-01-11T00:00:00,2026-01-11T00:00:00
ORD-000922,Michael Tucker,7,14105,98735,2026-03-02T00:00:00,2026-03-08T00:00:00
ORD-000923,Lori Stevens,8,7378,59024,2026-01-28T00:00:00,2026-01-28T00:00:00
ORD-000924,Edward Nielsen,3,14096,42288,2026-05-08T00:00:00,2026-05-13T00:00:00
ORD-000925,Andrew Meyers,4,15095,60380,2026-01-18T00:00:00,2026-01-19T00:00:00
ORD-000926,Bethany Wall,5,11478,57390,2026-05-14T00:00:00,2026-05-17T00:00:00
ORD-000927,Erica Diaz,2,1339,2678,2026-06-26T00:00:00,2026-07-01T00:00:00
ORD-000928,Linda Johnson,3,10158,30474,2026-07-09T00:00:00,2026-07-15T00:00:00
ORD-000929,Danielle Randolph,7,7101,49707,2026-01-31T00:00:00,2026-02-03T00:00:00
ORD-000930,Donald Robinson,3,5270,15810,2026-05-09T00:00:00,2026-05-12T00:00:00
ORD-000931,Steven West,6,9557,57342,2026-01-05T00:00:00,2026-01-05T00:00:00
ORD-000932,John Wallace,4,19182,76728,2026-06-20T00:00:00,2026-06-26T00:00:00
ORD-000933,Denise Robles,10,17002,170020,2026-06-16T00:00:00,2026-06-19T00:00:00
ORD-000934,Edward Lewis,2,7620,15240,2026-02-23T00:00:00,2026-02-28T00:00:00
ORD-000935,Kenneth Nelson,6,19759,118554,2026-02-24T00:00:00,2026-03-02T00:00:00
ORD-000936,Angela Lopez,2,1916,3832,2026-05-16T00:00:00,2026-05-22T00:00:00
ORD-000937,Nicholas Ruiz,9,9149,82341,2026-04-07T00:00:00,2026-04-07T00:00:00
ORD-000938,Christian Keith,1,5161,5161,2026-07-13T00:00:00,2026-07-20T00:00:00
ORD-000939,Kelsey Peterson,10,9798,97980,2026-04-23T00:00:00,2026-04-28T00:00:00
ORD-000940,Lori Howell,7,8878,62146,2026-03-21T00:00:00,2026-03-21T00:00:00
ORD-000941,Scott Hensley,3,12148,36444,2026-02-03T00:00:00,2026-02-05T00:00:00
ORD-000942,Jacob Jordan,8,2865,22920,2026-05-11T00:00:00,2026-05-16T00:00:00
ORD-000943,Jason Friedman,7,12270,85890,2026-06-23T00:00:00,2026-06-24T00:00:00
ORD-000944,Vincent Baldwin,6,1038,6228,2026-03-09T00:00:00,2026-03-15T00:00:00
ORD-000945,Daniel Brooks,9,13983,125847,2026-07-13T00:00:00,2026-07-14T00:00:00
ORD-000946,Theodore Malone,2,15672,31344,2026-05-16T00:00:00,2026-05-19T00:00:00
ORD-000947,James Morgan,5,15721,78605,2026-06-03T00:00:00,2026-06-09T00:00:00
ORD-000948,Charles Rivera,1,3221,3221,2026-03-09T00:00:00,2026-03-12T00:00:00
ORD-000949,Jeremiah Walker,2,15388,30776,2026-03-31T00:00:00,2026-04-07T00:00:00
ORD-000950,Jessica Alvarado,10,13302,133020,2026-06-18T00:00:00,2026-06-23T00:00:00
ORD-000951,Heather Stone,2,19121,38242,2026-05-15T00:00:00,2026-05-16T00:00:00
ORD-000952,Chad Wells,6,12349,74094,2026-03-19T00:00:00,2026-03-24T00:00:00
ORD-000953,Gary Stephens,9,7762,69858,2026-04-08T00:00:00,2026-04-12T00:00:00
ORD-000954,Donna Anderson,7,9043,63301,2026-04-20T00:00:00,2026-04-20T00:00:00
ORD-000955,Ricky Cox Jr.,5,7747,38735,2026-02-23T00:00:00,2026-02-23T00:00:00
ORD-000956,Patricia King,8,14360,114880,2026-06-02T00:00:00,2026-06-09T00:00:00
ORD-000957,Sergio Johnson,10,3654,36540,2026-05-25T00:00:00,2026-06-01T00:00:00
ORD-000958,Christine Hobbs,6,5017,30102,2026-03-17T00:00:00,2026-03-17T00:00:00
ORD-000959,Melissa Cruz,9,6446,58014,2026-01-14T00:00:00,2026-01-17T00:00:00
ORD-000960,Cynthia Webb,7,16807,117649,2026-01-30T00:00:00,2026-02-03T00:00:00
ORD-000961,John Villanueva,5,1770,8850,2026-05-19T00:00:00,2026-05-20T00:00:00
ORD-000962,Carol Dean,3,14528,43584,2026-05-21T00:00:00,2026-05-24T00:00:00
ORD-000963,Debra Rice,7,12182,85274,2026-06-30T00:00:00,2026-07-01T00:00:00
ORD-000964,Christopher Townsend,1,11642,11642,2026-03-06T00:00:00,2026-03-08T00:00:00
ORD-000965,Megan Taylor,7,1045,7315,2026-04-09T00:00:00,2026-04-11T00:00:00
ORD-000966,Tammy Jacobs,9,11880,106920,2026-07-08T00:00:00,2026-07-12T00:00:00
ORD-000967,Kayla Williamson,1,6197,6197,2026-04-09T00:00:00,2026-04-12T00:00:00
ORD-000968,Catherine Mcdowell,1,6626,6626,2026-02-10T00:00:00,2026-02-13T00:00:00
ORD-000969,Cindy Williams,4,15778,63112,2026-05-07T00:00:00,2026-05-12T00:00:00
ORD-000970,Matthew Wallace,7,8948,62636,2026-03-08T00:00:00,2026-03-09T00:00:00
ORD-000971,Alexandra Taylor,4,4623,18492,2026-03-25T00:00:00,2026-03-31T00:00:00
ORD-000972,Mr. Sean Miller,10,5830,58300,2026-03-11T00:00:00,2026-03-16T00:00:00
ORD-000973,Christopher Nelson,10,3035,30350,2026-04-06T00:00:00,2026-04-07T00:00:00
ORD-000974,Jason Young,4,16888,67552,2026-03-24T00:00:00,2026-03-29T00:00:00
ORD-000975,Colleen Lang,5,3009,15045,2026-04-16T00:00:00,2026-04-23T00:00:00
ORD-000976,Robin Mendez,9,17025,153225,2026-02-06T00:00:00,2026-02-10T00:00:00
ORD-000977,Megan Dean,1,7456,7456,2026-04-26T00:00:00,2026-04-27T00:00:00
ORD-000978,Janet Rowland,10,6847,68470,2026-05-06T00:00:00,2026-05-11T00:00:00
ORD-000979,Jennifer Leblanc,4,4152,16608,2026-01-04T00:00:00,2026-01-10T00:00:00
ORD-000980,Frederick Campbell,3,19456,58368,2026-04-07T00:00:00,2026-04-12T00:00:00
ORD-000981,Selena Shaw,2,1645,3290,2026-07-13T00:00:00,2026-07-15T00:00:00
ORD-000982,Charles Robinson,1,2458,2458,2026-06-26T00:00:00,2026-06-30T00:00:00
ORD-000983,Jasmine Gutierrez,7,5088,35616,2026-06-19T00:00:00,2026-06-21T00:00:00
ORD-000984,Erin Armstrong,1,670,670,2026-06-06T00:00:00,2026-06-11T00:00:00
ORD-000985,Sydney Chandler,2,13791,27582,2026-05-31T00:00:00,2026-06-04T00:00:00
ORD-000986,Patricia Spears,7,2225,15575,2026-06-12T00:00:00,2026-06-17T00:00:00
ORD-000987,Pamela Harris,2,18579,37158,2026-07-15T00:00:00,2026-07-22T00:00:00
ORD-000988,William Hart,4,19350,77400,2026-04-28T00:00:00,2026-05-04T00:00:00
ORD-000989,Robert Sullivan,9,14204,127836,2026-01-11T00:00:00,2026-01-12T00:00:00
ORD-000990,Patrick Zimmerman,8,19963,159704,2026-01-22T00:00:00,2026-01-23T00:00:00
ORD-000991,Amber Coleman,2,7756,15512,2026-05-20T00:00:00,2026-05-27T00:00:00
ORD-000992,David Pugh,3,19889,59667,2026-03-31T00:00:00,2026-04-02T00:00:00
ORD-000993,Emily Howard,8,18781,150248,2026-02-27T00:00:00,2026-02-28T00:00:00
ORD-000994,Michael Martinez,4,4773,19092,2026-02-12T00:00:00,2026-02-12T00:00:00
ORD-000995,Monica Taylor,3,13807,41421,2026-06-12T00:00:00,2026-06-12T00:00:00
ORD-000996,Mary Jones,1,11126,11126,2026-06-07T00:00:00,2026-06-10T00:00:00
ORD-000997,Ricardo Garcia,8,6225,49800,2026-01-23T00:00:00,2026-01-28T00:00:00
ORD-000998,Michael Barrera,9,12847,115623,2026-06-17T00:00:00,2026-06-19T00:00:00
ORD-000999,Alexander Mcdonald,7,4347,30429,2026-03-26T00:00:00,2026-04-01T00:00:00
